2026-04-12 22:44:49,370 - INFO - Starting Stock Monitor...
2026-04-12 22:44:49,372 - INFO - Monitoring stocks: BPCL.NS, ASIANPAINT.NS
2026-04-12 22:44:49,372 - INFO - Alert threshold: 5% from 52-week low
2026-04-12 22:44:49,372 - INFO - Check interval: 300 seconds
2026-04-12 22:44:49,372 - INFO - 
============================================================
2026-04-12 22:44:49,372 - INFO - Checking stocks at 2026-04-12 22:44:49
2026-04-12 22:44:49,374 - INFO - ============================================================
2026-04-12 22:44:58,523 - INFO - 
Next check in 300 seconds...
2026-04-12 22:49:56,690 - INFO - 
Monitoring stopped by user
2026-04-12 22:54:24,612 - INFO - Starting Stock Monitor...
2026-04-12 22:54:24,612 - INFO - Monitoring stocks: BPCL.NS, ASIANPAINT.NS
2026-04-12 22:54:24,612 - INFO - Alert threshold: 5% from 52-week low
2026-04-12 22:54:24,612 - INFO - Check interval: 300 seconds
2026-04-12 22:54:24,612 - INFO - 
============================================================
2026-04-12 22:54:24,612 - INFO - Checking stocks at 2026-04-12 22:54:24
2026-04-12 22:54:24,615 - INFO - ============================================================
2026-04-12 22:54:27,284 - INFO - Bharat Petroleum Corporation Limited (BPCL.NS): Rs.299.35 | 52W Low: Rs.266.60 | Distance: 12.28%
2026-04-12 22:54:30,060 - INFO - Asian Paints Limited (ASIANPAINT.NS): Rs.2360.70 | 52W Low: Rs.2115.00 | Distance: 11.62%
2026-04-12 22:54:32,074 - INFO - 
Next check in 300 seconds...
2026-04-12 22:59:32,086 - INFO - 
============================================================
2026-04-12 22:59:32,088 - INFO - Checking stocks at 2026-04-12 22:59:32
2026-04-12 22:59:32,088 - INFO - ============================================================
2026-04-12 22:59:33,330 - INFO - Bharat Petroleum Corporation Limited (BPCL.NS): Rs.299.35 | 52W Low: Rs.266.60 | Distance: 12.28%
2026-04-12 22:59:36,082 - INFO - Asian Paints Limited (ASIANPAINT.NS): Rs.2360.70 | 52W Low: Rs.2115.00 | Distance: 11.62%
2026-04-12 22:59:38,094 - INFO - 
Next check in 300 seconds...
2026-04-12 22:59:42,521 - INFO - 
Monitoring stopped by user
2026-04-13 08:19:06,392 - INFO - Starting Stock Monitor...
2026-04-13 08:19:06,392 - INFO - Monitoring stocks: BPCL.NS, ASIANPAINT.NS
2026-04-13 08:19:06,392 - INFO - Alert threshold: 5% from 52-week low
2026-04-13 08:19:06,392 - INFO - Check interval: 300 seconds
2026-04-13 08:19:06,392 - INFO - 
============================================================
2026-04-13 08:19:06,392 - INFO - Checking stocks at 2026-04-13 08:19:06
2026-04-13 08:19:06,392 - INFO - ============================================================
2026-04-13 08:19:09,631 - INFO - Bharat Petroleum Corporation Limited (BPCL.NS): Rs.299.35 | 52W Low: Rs.266.60 | Distance: 12.28%
2026-04-13 08:19:12,216 - INFO - Asian Paints Limited (ASIANPAINT.NS): Rs.2360.70 | 52W Low: Rs.2115.00 | Distance: 11.62%
2026-04-13 08:19:14,217 - INFO - 
Next check in 300 seconds...
2026-04-13 08:24:14,222 - INFO - 
============================================================
2026-04-13 08:24:14,225 - INFO - Checking stocks at 2026-04-13 08:24:14
2026-04-13 08:24:14,225 - INFO - ============================================================
2026-04-13 08:24:15,523 - INFO - Bharat Petroleum Corporation Limited (BPCL.NS): Rs.299.35 | 52W Low: Rs.266.60 | Distance: 12.28%
2026-04-13 08:24:18,332 - INFO - Asian Paints Limited (ASIANPAINT.NS): Rs.2360.70 | 52W Low: Rs.2115.00 | Distance: 11.62%
2026-04-13 08:24:20,335 - INFO - 
Next check in 300 seconds...
2026-04-13 08:29:20,343 - INFO - 
============================================================
2026-04-13 08:29:20,344 - INFO - Checking stocks at 2026-04-13 08:29:20
2026-04-13 08:29:20,345 - INFO - ============================================================
2026-04-13 08:29:22,896 - INFO - Bharat Petroleum Corporation Limited (BPCL.NS): Rs.299.35 | 52W Low: Rs.266.60 | Distance: 12.28%
2026-04-13 08:29:26,077 - INFO - Asian Paints Limited (ASIANPAINT.NS): Rs.2360.70 | 52W Low: Rs.2115.00 | Distance: 11.62%
2026-04-13 08:29:28,084 - INFO - 
Next check in 300 seconds...
2026-04-13 08:34:28,091 - INFO - 
============================================================
2026-04-13 08:34:28,091 - INFO - Checking stocks at 2026-04-13 08:34:28
2026-04-13 08:34:28,091 - INFO - ============================================================
2026-04-13 08:34:28,858 - INFO - Bharat Petroleum Corporation Limited (BPCL.NS): Rs.299.35 | 52W Low: Rs.266.60 | Distance: 12.28%
2026-04-13 08:34:31,321 - INFO - Asian Paints Limited (ASIANPAINT.NS): Rs.2360.70 | 52W Low: Rs.2115.00 | Distance: 11.62%
2026-04-13 08:34:33,330 - INFO - 
Next check in 300 seconds...
2026-04-13 08:34:38,496 - INFO - 
Monitoring stopped by user
2026-04-13 09:43:35,359 - INFO - Starting Stock Monitor...
2026-04-13 09:43:35,359 - INFO - Monitoring stocks: BPCL.NS, ASIANPAINT.NS
2026-04-13 09:43:35,359 - INFO - Alert threshold: 5% from 52-week low
2026-04-13 09:43:35,359 - INFO - Check interval: 300 seconds
2026-04-13 09:43:35,359 - INFO - 
============================================================
2026-04-13 09:43:35,359 - INFO - Checking stocks at 2026-04-13 09:43:35
2026-04-13 09:43:35,359 - INFO - ============================================================
2026-04-13 09:43:41,949 - INFO - Bharat Petroleum Corporation Limited (BPCL.NS): Rs.288.20 | 52W Low: Rs.266.60 | Distance: 8.10%
2026-04-13 09:43:45,520 - INFO - Asian Paints Limited (ASIANPAINT.NS): Rs.2324.20 | 52W Low: Rs.2115.00 | Distance: 9.89%
2026-04-13 09:43:47,526 - INFO - 
Next check in 300 seconds...
2026-04-13 09:48:47,537 - INFO - 
============================================================
2026-04-13 09:48:47,547 - INFO - Checking stocks at 2026-04-13 09:48:47
2026-04-13 09:48:47,550 - INFO - ============================================================
2026-04-13 09:48:48,963 - INFO - Bharat Petroleum Corporation Limited (BPCL.NS): Rs.288.90 | 52W Low: Rs.266.60 | Distance: 8.36%
2026-04-13 09:48:52,675 - INFO - Asian Paints Limited (ASIANPAINT.NS): Rs.2329.40 | 52W Low: Rs.2115.00 | Distance: 10.14%
2026-04-13 09:48:54,682 - INFO - 
Next check in 300 seconds...
2026-04-13 09:53:54,686 - INFO - 
============================================================
2026-04-13 09:53:54,686 - INFO - Checking stocks at 2026-04-13 09:53:54
2026-04-13 09:53:54,688 - INFO - ============================================================
2026-04-13 09:53:55,526 - INFO - Bharat Petroleum Corporation Limited (BPCL.NS): Rs.289.50 | 52W Low: Rs.266.60 | Distance: 8.59%
2026-04-13 09:53:58,008 - INFO - Asian Paints Limited (ASIANPAINT.NS): Rs.2329.30 | 52W Low: Rs.2115.00 | Distance: 10.13%
2026-04-13 09:54:00,012 - INFO - 
Next check in 300 seconds...
2026-04-13 09:59:00,026 - INFO - 
============================================================
2026-04-13 09:59:00,028 - INFO - Checking stocks at 2026-04-13 09:59:00
2026-04-13 09:59:00,029 - INFO - ============================================================
2026-04-13 09:59:01,804 - INFO - Bharat Petroleum Corporation Limited (BPCL.NS): Rs.290.00 | 52W Low: Rs.266.60 | Distance: 8.78%
2026-04-13 09:59:04,893 - INFO - Asian Paints Limited (ASIANPAINT.NS): Rs.2331.50 | 52W Low: Rs.2115.00 | Distance: 10.24%
2026-04-13 09:59:06,901 - INFO - 
Next check in 300 seconds...
2026-04-13 10:04:06,913 - INFO - 
============================================================
2026-04-13 10:04:06,916 - INFO - Checking stocks at 2026-04-13 10:04:06
2026-04-13 10:04:06,917 - INFO - ============================================================
2026-04-13 10:04:09,101 - INFO - Bharat Petroleum Corporation Limited (BPCL.NS): Rs.290.40 | 52W Low: Rs.266.60 | Distance: 8.93%
2026-04-13 10:04:12,620 - INFO - Asian Paints Limited (ASIANPAINT.NS): Rs.2329.10 | 52W Low: Rs.2115.00 | Distance: 10.12%
2026-04-13 10:04:14,626 - INFO - 
Next check in 300 seconds...
2026-04-13 10:09:14,658 - INFO - 
============================================================
2026-04-13 10:09:14,668 - INFO - Checking stocks at 2026-04-13 10:09:14
2026-04-13 10:09:14,670 - INFO - ============================================================
2026-04-13 10:09:16,290 - INFO - Bharat Petroleum Corporation Limited (BPCL.NS): Rs.291.00 | 52W Low: Rs.266.60 | Distance: 9.15%
2026-04-13 10:09:19,553 - INFO - Asian Paints Limited (ASIANPAINT.NS): Rs.2324.50 | 52W Low: Rs.2115.00 | Distance: 9.91%
2026-04-13 10:09:21,562 - INFO - 
Next check in 300 seconds...
2026-04-13 10:14:21,568 - INFO - 
============================================================
2026-04-13 10:14:21,569 - INFO - Checking stocks at 2026-04-13 10:14:21
2026-04-13 10:14:21,570 - INFO - ============================================================
2026-04-13 10:14:23,231 - INFO - Bharat Petroleum Corporation Limited (BPCL.NS): Rs.290.90 | 52W Low: Rs.266.60 | Distance: 9.11%
2026-04-13 10:14:26,434 - INFO - Asian Paints Limited (ASIANPAINT.NS): Rs.2328.60 | 52W Low: Rs.2115.00 | Distance: 10.10%
2026-04-13 10:14:28,462 - INFO - 
Next check in 300 seconds...
2026-04-13 10:19:28,474 - INFO - 
============================================================
2026-04-13 10:19:28,479 - INFO - Checking stocks at 2026-04-13 10:19:28
2026-04-13 10:19:28,479 - INFO - ============================================================
2026-04-13 10:19:32,156 - INFO - Bharat Petroleum Corporation Limited (BPCL.NS): Rs.291.05 | 52W Low: Rs.266.60 | Distance: 9.17%
2026-04-13 10:19:36,015 - INFO - Asian Paints Limited (ASIANPAINT.NS): Rs.2329.90 | 52W Low: Rs.2115.00 | Distance: 10.16%
2026-04-13 10:19:38,019 - INFO - 
Next check in 300 seconds...
2026-04-13 10:24:38,024 - INFO - 
============================================================
2026-04-13 10:24:38,032 - INFO - Checking stocks at 2026-04-13 10:24:38
2026-04-13 10:24:38,032 - INFO - ============================================================
2026-04-13 10:24:40,879 - INFO - Bharat Petroleum Corporation Limited (BPCL.NS): Rs.291.85 | 52W Low: Rs.266.60 | Distance: 9.47%
2026-04-13 10:24:44,347 - INFO - Asian Paints Limited (ASIANPAINT.NS): Rs.2333.90 | 52W Low: Rs.2115.00 | Distance: 10.35%
2026-04-13 10:24:46,350 - INFO - 
Next check in 300 seconds...
2026-04-13 10:29:46,357 - INFO - 
============================================================
2026-04-13 10:29:46,360 - INFO - Checking stocks at 2026-04-13 10:29:46
2026-04-13 10:29:46,363 - INFO - ============================================================
2026-04-13 10:29:48,690 - INFO - Bharat Petroleum Corporation Limited (BPCL.NS): Rs.292.90 | 52W Low: Rs.266.60 | Distance: 9.86%
2026-04-13 10:29:52,357 - INFO - Asian Paints Limited (ASIANPAINT.NS): Rs.2343.50 | 52W Low: Rs.2115.00 | Distance: 10.80%
2026-04-13 10:29:54,359 - INFO - 
Next check in 300 seconds...
2026-04-13 10:34:54,375 - INFO - 
============================================================
2026-04-13 10:34:54,399 - INFO - Checking stocks at 2026-04-13 10:34:54
2026-04-13 10:34:54,399 - INFO - ============================================================
2026-04-13 10:34:56,838 - INFO - Bharat Petroleum Corporation Limited (BPCL.NS): Rs.292.80 | 52W Low: Rs.266.60 | Distance: 9.83%
2026-04-13 10:35:00,172 - INFO - Asian Paints Limited (ASIANPAINT.NS): Rs.2343.20 | 52W Low: Rs.2115.00 | Distance: 10.79%
2026-04-13 10:35:02,177 - INFO - 
Next check in 300 seconds...
2026-04-13 10:35:29,861 - INFO - 
Monitoring stopped by user
2026-04-13 10:35:36,499 - INFO - Starting Stock Monitor...
2026-04-13 10:35:36,499 - INFO - Monitoring stocks: BPCL.NS, ASIANPAINT.NS
2026-04-13 10:35:36,499 - INFO - Alert threshold: 5% from 26-week low
2026-04-13 10:35:36,499 - INFO - Check interval: 300 seconds
2026-04-13 10:35:36,499 - INFO - 
============================================================
2026-04-13 10:35:36,499 - INFO - Checking stocks at 2026-04-13 10:35:36
2026-04-13 10:35:36,515 - INFO - ============================================================
2026-04-13 10:35:39,648 - INFO - Bharat Petroleum Corporation Limited (BPCL.NS): Rs.292.85 | 26W Low: Rs.266.60 | Distance: 9.85%
2026-04-13 10:35:42,736 - INFO - Asian Paints Limited (ASIANPAINT.NS): Rs.2344.30 | 26W Low: Rs.2115.00 | Distance: 10.84%
2026-04-13 10:35:44,750 - INFO - 
Next check in 300 seconds...
2026-04-13 10:40:44,767 - INFO - 
============================================================
2026-04-13 10:40:44,767 - INFO - Checking stocks at 2026-04-13 10:40:44
2026-04-13 10:40:44,768 - INFO - ============================================================
2026-04-13 10:40:46,297 - INFO - Bharat Petroleum Corporation Limited (BPCL.NS): Rs.292.80 | 26W Low: Rs.266.60 | Distance: 9.83%
2026-04-13 10:40:49,146 - INFO - Asian Paints Limited (ASIANPAINT.NS): Rs.2344.60 | 26W Low: Rs.2115.00 | Distance: 10.86%
2026-04-13 10:40:51,153 - INFO - 
Next check in 300 seconds...
2026-04-13 10:41:00,061 - INFO - 
Monitoring stopped by user
2026-04-13 10:41:07,918 - INFO - 🚀 Starting Dual Low Monitor (26W + 52W)
2026-04-13 10:41:13,576 - INFO - Bharat Petroleum Corporation Limited | ₹292.65 | 26W: 9.77% | 52W: 9.77%
2026-04-13 10:41:16,950 - INFO - Asian Paints Limited | ₹2344.60 | 26W: 10.86% | 52W: 10.86%
2026-04-13 10:43:36,830 - INFO - 🚀 Starting Dual Low Monitor (26W + 52W)
2026-04-13 10:43:36,830 - INFO - Stocks: BPCL.NS, ASIANPAINT.NS
2026-04-13 10:43:36,830 - INFO - Threshold: 5%
2026-04-13 10:43:36,830 - INFO - Interval: 300 sec
2026-04-13 10:43:36,830 - INFO - 
============================================================
2026-04-13 10:43:36,830 - INFO - Checking at 2026-04-13 10:43:36
2026-04-13 10:43:36,830 - INFO - ============================================================
2026-04-13 10:43:40,928 - INFO - 
Bharat Petroleum Corporation Limited (BPCL.NS)
Price: ₹292.15
26W Low: ₹266.60 | Distance: 9.58%
52W Low: ₹266.60 | Distance: 9.58%
--------------------------------------------------
2026-04-13 10:43:44,049 - INFO - 
Asian Paints Limited (ASIANPAINT.NS)
Price: ₹2340.70
26W Low: ₹2115.00 | Distance: 10.67%
52W Low: ₹2115.00 | Distance: 10.67%
--------------------------------------------------
2026-04-13 10:43:46,054 - INFO - 
Next check in 300 seconds...
2026-04-13 10:48:46,064 - INFO - 
============================================================
2026-04-13 10:48:46,066 - INFO - Checking at 2026-04-13 10:48:46
2026-04-13 10:48:46,066 - INFO - ============================================================
2026-04-13 10:48:49,018 - INFO - 
Bharat Petroleum Corporation Limited (BPCL.NS)
Price: ₹292.65
26W Low: ₹266.60 | Distance: 9.77%
52W Low: ₹266.60 | Distance: 9.77%
--------------------------------------------------
2026-04-13 10:48:53,359 - INFO - 
Asian Paints Limited (ASIANPAINT.NS)
Price: ₹2348.70
26W Low: ₹2115.00 | Distance: 11.05%
52W Low: ₹2115.00 | Distance: 11.05%
--------------------------------------------------
2026-04-13 10:48:55,376 - INFO - 
Next check in 300 seconds...
2026-04-13 10:53:55,379 - INFO - 
============================================================
2026-04-13 10:53:55,383 - INFO - Checking at 2026-04-13 10:53:55
2026-04-13 10:53:55,385 - INFO - ============================================================
2026-04-13 10:53:57,625 - INFO - 
Bharat Petroleum Corporation Limited (BPCL.NS)
Price: ₹292.45
26W Low: ₹266.60 | Distance: 9.70%
52W Low: ₹266.60 | Distance: 9.70%
--------------------------------------------------
2026-04-13 10:54:01,223 - INFO - 
Asian Paints Limited (ASIANPAINT.NS)
Price: ₹2350.00
26W Low: ₹2115.00 | Distance: 11.11%
52W Low: ₹2115.00 | Distance: 11.11%
--------------------------------------------------
2026-04-13 10:54:03,227 - INFO - 
Next check in 300 seconds...
2026-04-13 10:59:03,246 - INFO - 
============================================================
2026-04-13 10:59:03,248 - INFO - Checking at 2026-04-13 10:59:03
2026-04-13 10:59:03,250 - INFO - ============================================================
2026-04-13 10:59:07,634 - INFO - 
Bharat Petroleum Corporation Limited (BPCL.NS)
Price: ₹292.85
26W Low: ₹266.60 | Distance: 9.85%
52W Low: ₹266.60 | Distance: 9.85%
--------------------------------------------------
2026-04-13 10:59:11,635 - INFO - 
Asian Paints Limited (ASIANPAINT.NS)
Price: ₹2349.00
26W Low: ₹2115.00 | Distance: 11.06%
52W Low: ₹2115.00 | Distance: 11.06%
--------------------------------------------------
2026-04-13 10:59:13,647 - INFO - 
Next check in 300 seconds...
2026-04-13 11:04:13,647 - INFO - 
============================================================
2026-04-13 11:04:13,647 - INFO - Checking at 2026-04-13 11:04:13
2026-04-13 11:04:13,647 - INFO - ============================================================
2026-04-13 11:04:15,005 - INFO - 
Bharat Petroleum Corporation Limited (BPCL.NS)
Price: ₹292.85
26W Low: ₹266.60 | Distance: 9.85%
52W Low: ₹266.60 | Distance: 9.85%
--------------------------------------------------
2026-04-13 11:04:17,814 - INFO - 
Asian Paints Limited (ASIANPAINT.NS)
Price: ₹2352.80
26W Low: ₹2115.00 | Distance: 11.24%
52W Low: ₹2115.00 | Distance: 11.24%
--------------------------------------------------
2026-04-13 11:04:19,821 - INFO - 
Next check in 300 seconds...
2026-04-13 11:09:19,823 - INFO - 
============================================================
2026-04-13 11:09:19,826 - INFO - Checking at 2026-04-13 11:09:19
2026-04-13 11:09:19,827 - INFO - ============================================================
2026-04-13 11:09:22,043 - INFO - 
Bharat Petroleum Corporation Limited (BPCL.NS)
Price: ₹292.70
26W Low: ₹266.60 | Distance: 9.79%
52W Low: ₹266.60 | Distance: 9.79%
--------------------------------------------------
2026-04-13 11:09:24,900 - INFO - 
Asian Paints Limited (ASIANPAINT.NS)
Price: ₹2352.50
26W Low: ₹2115.00 | Distance: 11.23%
52W Low: ₹2115.00 | Distance: 11.23%
--------------------------------------------------
2026-04-13 11:09:26,912 - INFO - 
Next check in 300 seconds...
2026-04-13 11:14:26,913 - INFO - 
============================================================
2026-04-13 11:14:26,913 - INFO - Checking at 2026-04-13 11:14:26
2026-04-13 11:14:26,913 - INFO - ============================================================
2026-04-13 11:14:27,879 - INFO - 
Bharat Petroleum Corporation Limited (BPCL.NS)
Price: ₹292.85
26W Low: ₹266.60 | Distance: 9.85%
52W Low: ₹266.60 | Distance: 9.85%
--------------------------------------------------
2026-04-13 11:14:30,626 - INFO - 
Asian Paints Limited (ASIANPAINT.NS)
Price: ₹2350.60
26W Low: ₹2115.00 | Distance: 11.14%
52W Low: ₹2115.00 | Distance: 11.14%
--------------------------------------------------
2026-04-13 11:14:32,632 - INFO - 
Next check in 300 seconds...
2026-04-13 11:19:32,644 - INFO - 
============================================================
2026-04-13 11:19:32,644 - INFO - Checking at 2026-04-13 11:19:32
2026-04-13 11:19:32,644 - INFO - ============================================================
2026-04-13 11:19:33,647 - INFO - 
Bharat Petroleum Corporation Limited (BPCL.NS)
Price: ₹293.20
26W Low: ₹266.60 | Distance: 9.98%
52W Low: ₹266.60 | Distance: 9.98%
--------------------------------------------------
2026-04-13 11:19:36,392 - INFO - 
Asian Paints Limited (ASIANPAINT.NS)
Price: ₹2350.50
26W Low: ₹2115.00 | Distance: 11.13%
52W Low: ₹2115.00 | Distance: 11.13%
--------------------------------------------------
2026-04-13 11:19:38,398 - INFO - 
Next check in 300 seconds...
2026-04-13 11:24:38,417 - INFO - 
============================================================
2026-04-13 11:24:38,417 - INFO - Checking at 2026-04-13 11:24:38
2026-04-13 11:24:38,433 - INFO - ============================================================
2026-04-13 11:24:39,665 - INFO - 
Bharat Petroleum Corporation Limited (BPCL.NS)
Price: ₹293.10
26W Low: ₹266.60 | Distance: 9.94%
52W Low: ₹266.60 | Distance: 9.94%
--------------------------------------------------
2026-04-13 11:24:42,532 - INFO - 
Asian Paints Limited (ASIANPAINT.NS)
Price: ₹2352.50
26W Low: ₹2115.00 | Distance: 11.23%
52W Low: ₹2115.00 | Distance: 11.23%
--------------------------------------------------
2026-04-13 11:24:44,544 - INFO - 
Next check in 300 seconds...
2026-04-13 11:29:44,554 - INFO - 
============================================================
2026-04-13 11:29:44,556 - INFO - Checking at 2026-04-13 11:29:44
2026-04-13 11:29:44,558 - INFO - ============================================================
2026-04-13 11:29:48,897 - INFO - 
Bharat Petroleum Corporation Limited (BPCL.NS)
Price: ₹293.05
26W Low: ₹266.60 | Distance: 9.92%
52W Low: ₹266.60 | Distance: 9.92%
--------------------------------------------------
2026-04-13 11:29:52,899 - INFO - 
Asian Paints Limited (ASIANPAINT.NS)
Price: ₹2351.40
26W Low: ₹2115.00 | Distance: 11.18%
52W Low: ₹2115.00 | Distance: 11.18%
--------------------------------------------------
2026-04-13 11:29:54,914 - INFO - 
Next check in 300 seconds...
2026-04-13 11:34:54,923 - INFO - 
============================================================
2026-04-13 11:34:54,925 - INFO - Checking at 2026-04-13 11:34:54
2026-04-13 11:34:54,925 - INFO - ============================================================
2026-04-13 11:34:57,109 - INFO - 
Bharat Petroleum Corporation Limited (BPCL.NS)
Price: ₹293.30
26W Low: ₹266.60 | Distance: 10.01%
52W Low: ₹266.60 | Distance: 10.01%
--------------------------------------------------
2026-04-13 11:35:00,140 - INFO - 
Asian Paints Limited (ASIANPAINT.NS)
Price: ₹2342.50
26W Low: ₹2115.00 | Distance: 10.76%
52W Low: ₹2115.00 | Distance: 10.76%
--------------------------------------------------
2026-04-13 11:35:02,148 - INFO - 
Next check in 300 seconds...
2026-04-13 11:40:02,156 - INFO - 
============================================================
2026-04-13 11:40:02,157 - INFO - Checking at 2026-04-13 11:40:02
2026-04-13 11:40:02,160 - INFO - ============================================================
2026-04-13 11:40:03,024 - INFO - 
Bharat Petroleum Corporation Limited (BPCL.NS)
Price: ₹293.15
26W Low: ₹266.60 | Distance: 9.96%
52W Low: ₹266.60 | Distance: 9.96%
--------------------------------------------------
2026-04-13 11:40:06,043 - INFO - 
Asian Paints Limited (ASIANPAINT.NS)
Price: ₹2342.90
26W Low: ₹2115.00 | Distance: 10.78%
52W Low: ₹2115.00 | Distance: 10.78%
--------------------------------------------------
2026-04-13 11:40:08,052 - INFO - 
Next check in 300 seconds...
2026-04-13 11:45:08,071 - INFO - 
============================================================
2026-04-13 11:45:08,073 - INFO - Checking at 2026-04-13 11:45:08
2026-04-13 11:45:08,073 - INFO - ============================================================
2026-04-13 11:45:10,165 - INFO - 
Bharat Petroleum Corporation Limited (BPCL.NS)
Price: ₹293.00
26W Low: ₹266.60 | Distance: 9.90%
52W Low: ₹266.60 | Distance: 9.90%
--------------------------------------------------
2026-04-13 11:45:13,596 - INFO - 
Asian Paints Limited (ASIANPAINT.NS)
Price: ₹2344.90
26W Low: ₹2115.00 | Distance: 10.87%
52W Low: ₹2115.00 | Distance: 10.87%
--------------------------------------------------
2026-04-13 11:45:15,606 - INFO - 
Next check in 300 seconds...
2026-04-13 11:50:15,611 - INFO - 
============================================================
2026-04-13 11:50:15,613 - INFO - Checking at 2026-04-13 11:50:15
2026-04-13 11:50:15,613 - INFO - ============================================================
2026-04-13 11:50:16,615 - INFO - 
Bharat Petroleum Corporation Limited (BPCL.NS)
Price: ₹293.25
26W Low: ₹266.60 | Distance: 10.00%
52W Low: ₹266.60 | Distance: 10.00%
--------------------------------------------------
2026-04-13 11:50:19,329 - INFO - 
Asian Paints Limited (ASIANPAINT.NS)
Price: ₹2347.00
26W Low: ₹2115.00 | Distance: 10.97%
52W Low: ₹2115.00 | Distance: 10.97%
--------------------------------------------------
2026-04-13 11:50:21,333 - INFO - 
Next check in 300 seconds...
2026-04-13 11:55:21,333 - INFO - 
============================================================
2026-04-13 11:55:21,335 - INFO - Checking at 2026-04-13 11:55:21
2026-04-13 11:55:21,337 - INFO - ============================================================
2026-04-13 11:55:22,860 - INFO - 
Bharat Petroleum Corporation Limited (BPCL.NS)
Price: ₹293.10
26W Low: ₹266.60 | Distance: 9.94%
52W Low: ₹266.60 | Distance: 9.94%
--------------------------------------------------
2026-04-13 11:55:25,868 - INFO - 
Asian Paints Limited (ASIANPAINT.NS)
Price: ₹2350.50
26W Low: ₹2115.00 | Distance: 11.13%
52W Low: ₹2115.00 | Distance: 11.13%
--------------------------------------------------
2026-04-13 11:55:27,874 - INFO - 
Next check in 300 seconds...
2026-04-13 12:00:27,881 - INFO - 
============================================================
2026-04-13 12:00:27,881 - INFO - Checking at 2026-04-13 12:00:27
2026-04-13 12:00:27,881 - INFO - ============================================================
2026-04-13 12:00:30,240 - INFO - 
Bharat Petroleum Corporation Limited (BPCL.NS)
Price: ₹292.95
26W Low: ₹266.60 | Distance: 9.88%
52W Low: ₹266.60 | Distance: 9.88%
--------------------------------------------------
2026-04-13 12:00:33,756 - INFO - 
Asian Paints Limited (ASIANPAINT.NS)
Price: ₹2349.00
26W Low: ₹2115.00 | Distance: 11.06%
52W Low: ₹2115.00 | Distance: 11.06%
--------------------------------------------------
2026-04-13 12:00:35,768 - INFO - 
Next check in 300 seconds...
2026-04-13 12:04:35,405 - INFO - Stopped by user
2026-04-13 12:04:40,405 - INFO - 🚀 Starting NIFTY 50 + Custom Stock Monitor
2026-04-13 12:04:40,405 - INFO - 
============================================================
2026-04-13 12:04:40,405 - INFO - Checking at 2026-04-13 12:04:40
2026-04-13 12:04:40,405 - INFO - ============================================================
2026-04-13 12:04:45,313 - INFO - 
SBI Cards and Payment Services Limited (SBICARD.NS)
Price: ₹667.40
26W Low: ₹615.50 | Distance: 8.43%
52W Low: ₹615.50 | Distance: 8.43%
--------------------------------------------------
2026-04-13 12:04:49,531 - INFO - 
Grasim Industries Limited (GRASIM.NS)
Price: ₹2726.20
26W Low: ₹2502.50 | Distance: 8.94%
52W Low: ₹2501.90 | Distance: 8.97%
--------------------------------------------------
2026-04-13 12:04:54,212 - INFO - 
Wipro Limited (WIPRO.NS)
Price: ₹202.29
26W Low: ₹186.50 | Distance: 8.47%
52W Low: ₹186.50 | Distance: 8.47%
--------------------------------------------------
2026-04-13 12:04:56,796 - ERROR - $LTIM.NS: possibly delisted; no price data found  (period=1d)
2026-04-13 12:05:01,132 - INFO - 
Titan Company Limited (TITAN.NS)
Price: ₹4469.00
26W Low: ₹3506.50 | Distance: 27.45%
52W Low: ₹3201.57 | Distance: 39.59%
--------------------------------------------------
2026-04-13 12:05:05,378 - INFO - 
Cipla Limited (CIPLA.NS)
Price: ₹1214.20
26W Low: ₹1165.70 | Distance: 4.16%
52W Low: ₹1165.70 | Distance: 4.16%
--------------------------------------------------
2026-04-13 12:05:06,228 - INFO - -- BEGIN Twilio API Request --
2026-04-13 12:05:06,228 - INFO - POST Request: https://api.twilio.com/2010-04-01/Accounts/AC59b803e74c7c459ccc027d48a2425cd3/Messages.json
2026-04-13 12:05:06,228 - INFO - Headers:
2026-04-13 12:05:06,228 - INFO - Content-Type : application/x-www-form-urlencoded
2026-04-13 12:05:06,228 - INFO - Accept : application/json
2026-04-13 12:05:06,228 - INFO - User-Agent : twilio-python/9.10.4 (Windows AMD64) Python/3.10.0
2026-04-13 12:05:06,228 - INFO - X-Twilio-Client : python-9.10.4
2026-04-13 12:05:06,228 - INFO - Accept-Charset : utf-8
2026-04-13 12:05:06,228 - INFO - -- END Twilio API Request --
2026-04-13 12:05:06,602 - INFO - Response Status Code: 401
2026-04-13 12:05:06,602 - INFO - Response Headers: {'Content-Type': 'application/json', 'Content-Length': '107', 'Connection': 'keep-alive', 'Date': 'Mon, 13 Apr 2026 06:35:06 GMT', 'X-Twilio-Error-Code': '20003', 'Twilio-Request-Id': 'RQf8a7df4baf58f8192efb521908017da7', 'Twilio-Request-Duration': '0.021', 'X-Home-Region': 'us1', 'X-API-Domain': 'api.twilio.com', 'Strict-Transport-Security': 'max-age=31536000', 'WWW-Authenticate': 'Basic realm="Twilio API"', 'X-Cache': 'Error from cloudfront', 'Via': '1.1 3ed047b9445f29bd769c4848cba712a0.cloudfront.net (CloudFront)', 'X-Amz-Cf-Pop': 'DEL54-P3', 'X-Amz-Cf-Id': '5GuPDxz_tQO1KBbVhFadAleV1V1deK24sZJ8E-zSYtzJIqq_aa1UcA==', 'X-Powered-By': 'AT-5000', 'X-Shenanigans': 'none', 'Vary': 'Origin'}
2026-04-13 12:05:06,602 - ERROR - WhatsApp error: 
[31m[49mHTTP Error[0m [37m[49mYour request was:[0m

[36m[49mPOST /Accounts/AC59b803e74c7c459ccc027d48a2425cd3/Messages.json[0m

[37m[49mTwilio returned the following information:[0m

[34m[49mUnable to create record: Authenticate[0m

[37m[49mMore information may be available here:[0m

[34m[49mhttps://www.twilio.com/docs/errors/20003[0m


2026-04-13 12:05:10,961 - INFO - 
UPL Limited (UPL.NS)
Price: ₹635.80
26W Low: ₹565.15 | Distance: 12.50%
52W Low: ₹565.15 | Distance: 12.50%
--------------------------------------------------
2026-04-13 12:05:14,028 - ERROR - Failed to get ticker 'TATAMOTORS.NS' reason: Failed to perform, curl: (23) Failure writing output to destination, passed 13 returned 0. See https://curl.se/libcurl/c/libcurl-errors.html first for more details.
2026-04-13 12:05:16,312 - ERROR - HTTP Error 404: {"quoteSummary":{"result":null,"error":{"code":"Not Found","description":"Quote not found for symbol: TATAMOTORS.NS"}}}
2026-04-13 12:05:17,862 - ERROR - $TATAMOTORS.NS: possibly delisted; no price data found  (period=1d) (Yahoo error = "No data found, symbol may be delisted")
2026-04-13 12:05:19,061 - INFO - Stopped by user
2026-04-13 12:11:49,209 - INFO - 🚀 Starting NIFTY 50 + Custom Stock Monitor
2026-04-13 12:11:49,209 - INFO - 
============================================================
2026-04-13 12:11:49,209 - INFO - Checking at 2026-04-13 12:11:49
2026-04-13 12:11:49,209 - INFO - ============================================================
2026-04-13 12:11:52,207 - INFO - 
ITC Limited (ITC.NS)
Price: ₹300.05
26W Low: ₹287.00 | Distance: 4.55%
52W Low: ₹287.00 | Distance: 4.55%
--------------------------------------------------
2026-04-13 12:11:52,583 - INFO - -- BEGIN Twilio API Request --
2026-04-13 12:11:52,583 - INFO - POST Request: https://api.twilio.com/2010-04-01/Accounts/AC59b803e74c7c459ccc027d48a2425cd3/Messages.json
2026-04-13 12:11:52,583 - INFO - Headers:
2026-04-13 12:11:52,583 - INFO - Content-Type : application/x-www-form-urlencoded
2026-04-13 12:11:52,583 - INFO - Accept : application/json
2026-04-13 12:11:52,583 - INFO - User-Agent : twilio-python/9.10.4 (Windows AMD64) Python/3.10.0
2026-04-13 12:11:52,583 - INFO - X-Twilio-Client : python-9.10.4
2026-04-13 12:11:52,583 - INFO - Accept-Charset : utf-8
2026-04-13 12:11:52,583 - INFO - -- END Twilio API Request --
2026-04-13 12:11:53,074 - INFO - Response Status Code: 201
2026-04-13 12:11:53,074 - INFO - Response Headers: {'Content-Type': 'application/json;charset=utf-8', 'Content-Length': '1012', 'Connection': 'keep-alive', 'Date': 'Mon, 13 Apr 2026 06:41:53 GMT', 'Twilio-Concurrent-Requests': '1', 'Twilio-Request-Id': 'RQe80329d72a3dea5940825767835ae25c', 'Twilio-Request-Duration': '0.132', 'X-Home-Region': 'us1', 'X-API-Domain': 'api.twilio.com', 'Strict-Transport-Security': 'max-age=31536000', 'X-Cache': 'Miss from cloudfront', 'Via': '1.1 cd67b0f604ecf8a90d159a43fbfcd1f0.cloudfront.net (CloudFront)', 'X-Amz-Cf-Pop': 'DEL54-P3', 'X-Amz-Cf-Id': 'pJjp1DdgxTP3KiGQDUptAD5fcaXt1HujUmptzqtw5Ymma5gJN2rtog==', 'X-Powered-By': 'AT-5000', 'X-Shenanigans': 'none', 'Vary': 'Origin'}
2026-04-13 12:11:53,074 - INFO - WhatsApp sent: SMe80329d72a3dea5940825767835ae25c
2026-04-13 12:11:55,949 - INFO - 
Divi's Laboratories Limited (DIVISLAB.NS)
Price: ₹6064.00
26W Low: ₹5647.50 | Distance: 7.37%
52W Low: ₹5570.63 | Distance: 8.86%
--------------------------------------------------
2026-04-13 12:11:58,892 - INFO - 
SBI Life Insurance Company Limited (SBILIFE.NS)
Price: ₹1923.50
26W Low: ₹1728.10 | Distance: 11.31%
52W Low: ₹1522.88 | Distance: 26.31%
--------------------------------------------------
2026-04-13 12:12:01,816 - INFO - 
UPL Limited (UPL.NS)
Price: ₹635.10
26W Low: ₹565.15 | Distance: 12.38%
52W Low: ₹565.15 | Distance: 12.38%
--------------------------------------------------
2026-04-13 12:12:04,841 - INFO - 
ICICI Bank Limited (ICICIBANK.NS)
Price: ₹1328.70
26W Low: ₹1187.60 | Distance: 11.88%
52W Low: ₹1187.60 | Distance: 11.88%
--------------------------------------------------
2026-04-13 12:12:07,785 - INFO - 
Tech Mahindra Limited (TECHM.NS)
Price: ₹1433.40
26W Low: ₹1304.10 | Distance: 9.91%
52W Low: ₹1240.02 | Distance: 15.59%
--------------------------------------------------
2026-04-13 12:12:10,684 - INFO - 
Sun Pharmaceutical Industries Limited (SUNPHARMA.NS)
Price: ₹1659.50
26W Low: ₹1573.48 | Distance: 5.47%
52W Low: ₹1538.01 | Distance: 7.90%
--------------------------------------------------
2026-04-13 12:12:13,701 - INFO - 
State Bank of India (SBIN.NS)
Price: ₹1048.80
26W Low: ₹872.10 | Distance: 20.26%
52W Low: ₹740.63 | Distance: 41.61%
--------------------------------------------------
2026-04-13 12:12:16,517 - INFO - 
Cipla Limited (CIPLA.NS)
Price: ₹1213.30
26W Low: ₹1165.70 | Distance: 4.08%
52W Low: ₹1165.70 | Distance: 4.08%
--------------------------------------------------
2026-04-13 12:12:16,517 - INFO - -- BEGIN Twilio API Request --
2026-04-13 12:12:16,517 - INFO - POST Request: https://api.twilio.com/2010-04-01/Accounts/AC59b803e74c7c459ccc027d48a2425cd3/Messages.json
2026-04-13 12:12:16,517 - INFO - Headers:
2026-04-13 12:12:16,527 - INFO - Content-Type : application/x-www-form-urlencoded
2026-04-13 12:12:16,527 - INFO - Accept : application/json
2026-04-13 12:12:16,527 - INFO - User-Agent : twilio-python/9.10.4 (Windows AMD64) Python/3.10.0
2026-04-13 12:12:16,527 - INFO - X-Twilio-Client : python-9.10.4
2026-04-13 12:12:16,529 - INFO - Accept-Charset : utf-8
2026-04-13 12:12:16,529 - INFO - -- END Twilio API Request --
2026-04-13 12:12:16,951 - INFO - Response Status Code: 201
2026-04-13 12:12:16,951 - INFO - Response Headers: {'Content-Type': 'application/json;charset=utf-8', 'Content-Length': '1019', 'Connection': 'keep-alive', 'Date': 'Mon, 13 Apr 2026 06:42:17 GMT', 'Twilio-Concurrent-Requests': '1', 'Twilio-Request-Id': 'RQa420b6e14ac26f13c8bc96b490104844', 'Twilio-Request-Duration': '0.138', 'X-Home-Region': 'us1', 'X-API-Domain': 'api.twilio.com', 'Strict-Transport-Security': 'max-age=31536000', 'X-Cache': 'Miss from cloudfront', 'Via': '1.1 cd67b0f604ecf8a90d159a43fbfcd1f0.cloudfront.net (CloudFront)', 'X-Amz-Cf-Pop': 'DEL54-P3', 'X-Amz-Cf-Id': 'tTpH8SCeB4ER403sD1B20nWoEGvkmXnE4DnCocoH_42frfCyQopdCw==', 'X-Powered-By': 'AT-5000', 'X-Shenanigans': 'none', 'Vary': 'Origin'}
2026-04-13 12:12:16,951 - INFO - WhatsApp sent: SMa420b6e14ac26f13c8bc96b490104844
2026-04-13 12:12:20,112 - INFO - 
Maruti Suzuki India Limited (MARUTI.NS)
Price: ₹13167.00
26W Low: ₹12201.00 | Distance: 7.92%
52W Low: ₹11168.12 | Distance: 17.90%
--------------------------------------------------
2026-04-13 12:12:23,025 - INFO - 
Eicher Motors Limited (EICHERMOT.NS)
Price: ₹7117.00
26W Low: ₹6442.00 | Distance: 10.48%
52W Low: ₹5152.69 | Distance: 38.12%
--------------------------------------------------
2026-04-13 12:12:26,082 - INFO - 
Hindustan Unilever Limited (HINDUNILVR.NS)
Price: ₹2131.90
26W Low: ₹2022.50 | Distance: 5.41%
52W Low: ₹2022.50 | Distance: 5.41%
--------------------------------------------------
2026-04-13 12:12:28,848 - INFO - 
Grasim Industries Limited (GRASIM.NS)
Price: ₹2729.40
26W Low: ₹2502.50 | Distance: 9.07%
52W Low: ₹2501.90 | Distance: 9.09%
--------------------------------------------------
2026-04-13 12:12:31,749 - INFO - 
Tata Consultancy Services Limited (TCS.NS)
Price: ₹2480.70
26W Low: ₹2346.20 | Distance: 5.73%
52W Low: ₹2346.20 | Distance: 5.73%
--------------------------------------------------
2026-04-13 12:12:34,721 - INFO - 
Larsen & Toubro Limited (LT.NS)
Price: ₹3939.70
26W Low: ₹3288.10 | Distance: 19.82%
52W Low: ₹3133.18 | Distance: 25.74%
--------------------------------------------------
2026-04-13 12:12:37,678 - INFO - 
Oil and Natural Gas Corporation Limited (ONGC.NS)
Price: ₹285.00
26W Low: ₹223.35 | Distance: 27.60%
52W Low: ₹216.72 | Distance: 31.51%
--------------------------------------------------
2026-04-13 12:12:40,802 - INFO - 
Kotak Mahindra Bank Limited (KOTAKBANK.NS)
Price: ₹367.90
26W Low: ₹345.50 | Distance: 6.48%
52W Low: ₹345.50 | Distance: 6.48%
--------------------------------------------------
2026-04-13 12:12:43,623 - INFO - 
Bharti Airtel Limited (BHARTIARTL.NS)
Price: ₹1883.20
26W Low: ₹1746.90 | Distance: 7.80%
52W Low: ₹1746.90 | Distance: 7.80%
--------------------------------------------------
2026-04-13 12:12:46,816 - INFO - 
Mahindra & Mahindra Limited (M&M.NS)
Price: ₹3239.00
26W Low: ₹2896.00 | Distance: 11.84%
52W Low: ₹2581.66 | Distance: 25.46%
--------------------------------------------------
2026-04-13 12:12:49,750 - INFO - 
IndusInd Bank Limited (INDUSINDBK.NS)
Price: ₹816.40
26W Low: ₹726.30 | Distance: 12.41%
52W Low: ₹693.05 | Distance: 17.80%
--------------------------------------------------
2026-04-13 12:12:52,701 - INFO - 
Axis Bank Limited (AXISBANK.NS)
Price: ₹1346.20
26W Low: ₹1150.30 | Distance: 17.03%
52W Low: ₹1042.50 | Distance: 29.13%
--------------------------------------------------
2026-04-13 12:12:56,018 - ERROR - HTTP Error 404: {"quoteSummary":{"result":null,"error":{"code":"Not Found","description":"Quote not found for symbol: TATAMOTORS.NS"}}}
2026-04-13 12:12:56,826 - ERROR - $TATAMOTORS.NS: possibly delisted; no price data found  (period=1d) (Yahoo error = "No data found, symbol may be delisted")
2026-04-13 12:12:59,769 - INFO - 
NTPC Limited (NTPC.NS)
Price: ₹387.30
26W Low: ₹313.19 | Distance: 23.66%
52W Low: ₹313.09 | Distance: 23.70%
--------------------------------------------------
2026-04-13 12:13:02,728 - INFO - 
Coal India Limited (COALINDIA.NS)
Price: ₹434.55
26W Low: ₹364.48 | Distance: 19.23%
52W Low: ₹345.88 | Distance: 25.64%
--------------------------------------------------
2026-04-13 12:13:05,650 - INFO - 
HDFC Bank Limited (HDFCBANK.NS)
Price: ₹791.20
26W Low: ₹726.65 | Distance: 8.88%
52W Low: ₹726.65 | Distance: 8.88%
--------------------------------------------------
2026-04-13 12:13:08,576 - INFO - 
Bajaj Finserv Ltd. (BAJAJFINSV.NS)
Price: ₹1774.30
26W Low: ₹1597.00 | Distance: 11.10%
52W Low: ₹1597.00 | Distance: 11.10%
--------------------------------------------------
2026-04-13 12:13:11,316 - INFO - 
Titan Company Limited (TITAN.NS)
Price: ₹4468.00
26W Low: ₹3506.50 | Distance: 27.42%
52W Low: ₹3201.57 | Distance: 39.56%
--------------------------------------------------
2026-04-13 12:13:14,015 - INFO - 
SBI Cards and Payment Services Limited (SBICARD.NS)
Price: ₹667.10
26W Low: ₹615.50 | Distance: 8.38%
52W Low: ₹615.50 | Distance: 8.38%
--------------------------------------------------
2026-04-13 12:13:17,044 - INFO - 
Infosys Limited (INFY.NS)
Price: ₹1273.00
26W Low: ₹1215.10 | Distance: 4.77%
52W Low: ₹1215.10 | Distance: 4.77%
--------------------------------------------------
2026-04-13 12:13:17,046 - INFO - -- BEGIN Twilio API Request --
2026-04-13 12:13:17,046 - INFO - POST Request: https://api.twilio.com/2010-04-01/Accounts/AC59b803e74c7c459ccc027d48a2425cd3/Messages.json
2026-04-13 12:13:17,046 - INFO - Headers:
2026-04-13 12:13:17,046 - INFO - Content-Type : application/x-www-form-urlencoded
2026-04-13 12:13:17,046 - INFO - Accept : application/json
2026-04-13 12:13:17,046 - INFO - User-Agent : twilio-python/9.10.4 (Windows AMD64) Python/3.10.0
2026-04-13 12:13:17,046 - INFO - X-Twilio-Client : python-9.10.4
2026-04-13 12:13:17,046 - INFO - Accept-Charset : utf-8
2026-04-13 12:13:17,048 - INFO - -- END Twilio API Request --
2026-04-13 12:13:17,474 - INFO - Response Status Code: 201
2026-04-13 12:13:17,474 - INFO - Response Headers: {'Content-Type': 'application/json;charset=utf-8', 'Content-Length': '1020', 'Connection': 'keep-alive', 'Date': 'Mon, 13 Apr 2026 06:43:17 GMT', 'Twilio-Concurrent-Requests': '1', 'Twilio-Request-Id': 'RQd2c8217443325d756f5cf61ad1630e6b', 'Twilio-Request-Duration': '0.150', 'X-Home-Region': 'us1', 'X-API-Domain': 'api.twilio.com', 'Strict-Transport-Security': 'max-age=31536000', 'X-Cache': 'Miss from cloudfront', 'Via': '1.1 cd67b0f604ecf8a90d159a43fbfcd1f0.cloudfront.net (CloudFront)', 'X-Amz-Cf-Pop': 'DEL54-P3', 'X-Amz-Cf-Id': 'w6J7McHj1MXxv78RkNnEsCzToqAd2mneucTTwph1iqxy4jZF4uqm9A==', 'X-Powered-By': 'AT-5000', 'X-Shenanigans': 'none', 'Vary': 'Origin'}
2026-04-13 12:13:17,480 - INFO - WhatsApp sent: SMd2c8217443325d756f5cf61ad1630e6b
2026-04-13 12:13:20,538 - INFO - 
Apollo Hospitals Enterprise Limited (APOLLOHOSP.NS)
Price: ₹7523.50
26W Low: ₹6687.62 | Distance: 12.50%
52W Low: ₹6660.12 | Distance: 12.96%
--------------------------------------------------
2026-04-13 12:13:23,464 - INFO - 
Bharat Petroleum Corporation Limited (BPCL.NS)
Price: ₹292.20
26W Low: ₹266.60 | Distance: 9.60%
52W Low: ₹266.60 | Distance: 9.60%
--------------------------------------------------
2026-04-13 12:13:26,463 - INFO - 
Dr. Reddy's Laboratories Limited (DRREDDY.NS)
Price: ₹1224.20
26W Low: ₹1148.40 | Distance: 6.60%
52W Low: ₹1121.88 | Distance: 9.12%
--------------------------------------------------
2026-04-13 12:13:29,366 - INFO - 
Adani Ports and Special Economic Zone Limited (ADANIPORTS.NS)
Price: ₹1471.00
26W Low: ₹1292.00 | Distance: 13.85%
52W Low: ₹1173.29 | Distance: 25.37%
--------------------------------------------------
2026-04-13 12:13:32,320 - INFO - 
Nestlé India Limited (NESTLEIND.NS)
Price: ₹1225.60
26W Low: ₹1159.40 | Distance: 5.71%
52W Low: ₹1078.87 | Distance: 13.60%
--------------------------------------------------
2026-04-13 12:13:35,259 - INFO - 
Britannia Industries Limited (BRITANNIA.NS)
Price: ₹5564.00
26W Low: ₹5351.50 | Distance: 3.97%
52W Low: ₹5208.25 | Distance: 6.83%
--------------------------------------------------
2026-04-13 12:13:35,260 - INFO - -- BEGIN Twilio API Request --
2026-04-13 12:13:35,260 - INFO - POST Request: https://api.twilio.com/2010-04-01/Accounts/AC59b803e74c7c459ccc027d48a2425cd3/Messages.json
2026-04-13 12:13:35,260 - INFO - Headers:
2026-04-13 12:13:35,260 - INFO - Content-Type : application/x-www-form-urlencoded
2026-04-13 12:13:35,260 - INFO - Accept : application/json
2026-04-13 12:13:35,261 - INFO - User-Agent : twilio-python/9.10.4 (Windows AMD64) Python/3.10.0
2026-04-13 12:13:35,261 - INFO - X-Twilio-Client : python-9.10.4
2026-04-13 12:13:35,261 - INFO - Accept-Charset : utf-8
2026-04-13 12:13:35,261 - INFO - -- END Twilio API Request --
2026-04-13 12:13:35,634 - INFO - Response Status Code: 201
2026-04-13 12:13:35,634 - INFO - Response Headers: {'Content-Type': 'application/json;charset=utf-8', 'Content-Length': '1026', 'Connection': 'keep-alive', 'Date': 'Mon, 13 Apr 2026 06:43:35 GMT', 'Twilio-Concurrent-Requests': '1', 'Twilio-Request-Id': 'RQ2fe73ed81a3cfec34d29cc19659880a3', 'Twilio-Request-Duration': '0.116', 'X-Home-Region': 'us1', 'X-API-Domain': 'api.twilio.com', 'Strict-Transport-Security': 'max-age=31536000', 'X-Cache': 'Miss from cloudfront', 'Via': '1.1 cd67b0f604ecf8a90d159a43fbfcd1f0.cloudfront.net (CloudFront)', 'X-Amz-Cf-Pop': 'DEL54-P3', 'X-Amz-Cf-Id': '7hNHUdFZEJFmnw-YI28SvR0lV6zs0IPGKdVfUzEo0V-iaWh4GRZJKQ==', 'X-Powered-By': 'AT-5000', 'X-Shenanigans': 'none', 'Vary': 'Origin'}
2026-04-13 12:13:35,634 - INFO - WhatsApp sent: SM2fe73ed81a3cfec34d29cc19659880a3
2026-04-13 12:13:38,557 - INFO - 
Bajaj Auto Limited (BAJAJ-AUTO.NS)
Price: ₹9818.50
26W Low: ₹8605.00 | Distance: 14.10%
52W Low: ₹7423.85 | Distance: 32.26%
--------------------------------------------------
2026-04-13 12:13:41,547 - INFO - 
JSW Steel Limited (JSWSTEEL.NS)
Price: ₹1209.60
26W Low: ₹1073.20 | Distance: 12.71%
52W Low: ₹932.49 | Distance: 29.72%
--------------------------------------------------
2026-04-13 12:13:43,656 - ERROR - $LTIM.NS: possibly delisted; no price data found  (period=1d)
2026-04-13 12:13:44,560 - INFO - Stopped by user
2026-04-13 12:14:17,381 - INFO - 🚀 Starting NIFTY 50 + Custom Stock Monitor
2026-04-13 12:14:17,381 - INFO - 
============================================================
2026-04-13 12:14:17,381 - INFO - Checking at 2026-04-13 12:14:17
2026-04-13 12:14:17,381 - INFO - ============================================================
2026-04-13 12:14:20,840 - INFO - 
Apollo Hospitals Enterprise Limited (APOLLOHOSP.NS)
Price: ₹7528.50
26W Low: ₹6687.62 | Distance: 12.57%
52W Low: ₹6660.12 | Distance: 13.04%
--------------------------------------------------
2026-04-13 12:14:24,105 - INFO - 
Wipro Limited (WIPRO.NS)
Price: ₹202.15
26W Low: ₹186.50 | Distance: 8.39%
52W Low: ₹186.50 | Distance: 8.39%
--------------------------------------------------
2026-04-13 12:14:27,322 - INFO - 
ICICI Bank Limited (ICICIBANK.NS)
Price: ₹1329.90
26W Low: ₹1187.60 | Distance: 11.98%
52W Low: ₹1187.60 | Distance: 11.98%
--------------------------------------------------
2026-04-13 12:14:30,538 - INFO - 
Bharti Airtel Limited (BHARTIARTL.NS)
Price: ₹1884.90
26W Low: ₹1746.90 | Distance: 7.90%
52W Low: ₹1746.90 | Distance: 7.90%
--------------------------------------------------
2026-04-13 12:14:33,665 - INFO - 
Larsen & Toubro Limited (LT.NS)
Price: ₹3941.80
26W Low: ₹3288.10 | Distance: 19.88%
52W Low: ₹3133.18 | Distance: 25.81%
--------------------------------------------------
2026-04-13 12:14:36,936 - INFO - 
Britannia Industries Limited (BRITANNIA.NS)
Price: ₹5564.00
26W Low: ₹5351.50 | Distance: 3.97%
52W Low: ₹5208.25 | Distance: 6.83%
--------------------------------------------------
2026-04-13 12:14:40,524 - INFO - 
Shriram Finance Limited (SHRIRAMFIN.NS)
Price: ₹1010.20
26W Low: ₹654.76 | Distance: 54.29%
52W Low: ₹563.07 | Distance: 79.41%
--------------------------------------------------
2026-04-13 12:14:44,166 - INFO - 
Divi's Laboratories Limited (DIVISLAB.NS)
Price: ₹6064.00
26W Low: ₹5647.50 | Distance: 7.37%
52W Low: ₹5570.63 | Distance: 8.86%
--------------------------------------------------
2026-04-13 12:14:47,345 - INFO - 
Axis Bank Limited (AXISBANK.NS)
Price: ₹1347.90
26W Low: ₹1150.30 | Distance: 17.18%
52W Low: ₹1042.50 | Distance: 29.29%
--------------------------------------------------
2026-04-13 12:14:50,495 - INFO - 
ITC Limited (ITC.NS)
Price: ₹300.00
26W Low: ₹287.00 | Distance: 4.53%
52W Low: ₹287.00 | Distance: 4.53%
--------------------------------------------------
2026-04-13 12:14:53,862 - INFO - 
Bajaj Finserv Ltd. (BAJAJFINSV.NS)
Price: ₹1775.20
26W Low: ₹1597.00 | Distance: 11.16%
52W Low: ₹1597.00 | Distance: 11.16%
--------------------------------------------------
2026-04-13 12:14:57,187 - INFO - 
SBI Life Insurance Company Limited (SBILIFE.NS)
Price: ₹1924.90
26W Low: ₹1728.10 | Distance: 11.39%
52W Low: ₹1522.88 | Distance: 26.40%
--------------------------------------------------
2026-04-13 12:15:00,448 - INFO - 
Coal India Limited (COALINDIA.NS)
Price: ₹434.45
26W Low: ₹364.48 | Distance: 19.20%
52W Low: ₹345.88 | Distance: 25.61%
--------------------------------------------------
2026-04-13 12:15:03,605 - INFO - 
Adani Ports and Special Economic Zone Limited (ADANIPORTS.NS)
Price: ₹1471.80
26W Low: ₹1292.00 | Distance: 13.92%
52W Low: ₹1173.29 | Distance: 25.44%
--------------------------------------------------
2026-04-13 12:15:05,736 - ERROR - $LTIM.NS: possibly delisted; no price data found  (period=1d)
2026-04-13 12:15:09,139 - INFO - 
JSW Steel Limited (JSWSTEEL.NS)
Price: ₹1209.90
26W Low: ₹1073.20 | Distance: 12.74%
52W Low: ₹932.49 | Distance: 29.75%
--------------------------------------------------
2026-04-13 12:15:12,380 - INFO - 
HDFC Bank Limited (HDFCBANK.NS)
Price: ₹791.70
26W Low: ₹726.65 | Distance: 8.95%
52W Low: ₹726.65 | Distance: 8.95%
--------------------------------------------------
2026-04-13 12:15:15,583 - INFO - 
Grasim Industries Limited (GRASIM.NS)
Price: ₹2729.60
26W Low: ₹2502.50 | Distance: 9.07%
52W Low: ₹2501.90 | Distance: 9.10%
--------------------------------------------------
2026-04-13 12:15:18,885 - INFO - 
Sun Pharmaceutical Industries Limited (SUNPHARMA.NS)
Price: ₹1659.00
26W Low: ₹1573.48 | Distance: 5.44%
52W Low: ₹1538.01 | Distance: 7.87%
--------------------------------------------------
2026-04-13 12:15:22,332 - INFO - 
HCL Technologies Limited (HCLTECH.NS)
Price: ₹1423.90
26W Low: ₹1297.70 | Distance: 9.72%
52W Low: ₹1297.70 | Distance: 9.72%
--------------------------------------------------
2026-04-13 12:15:25,509 - INFO - 
Oil and Natural Gas Corporation Limited (ONGC.NS)
Price: ₹285.30
26W Low: ₹223.35 | Distance: 27.73%
52W Low: ₹216.72 | Distance: 31.64%
--------------------------------------------------
2026-04-13 12:15:28,788 - INFO - 
Hindustan Unilever Limited (HINDUNILVR.NS)
Price: ₹2132.40
26W Low: ₹2022.50 | Distance: 5.43%
52W Low: ₹2022.50 | Distance: 5.43%
--------------------------------------------------
2026-04-13 12:15:31,890 - INFO - 
Kotak Mahindra Bank Limited (KOTAKBANK.NS)
Price: ₹367.95
26W Low: ₹345.50 | Distance: 6.50%
52W Low: ₹345.50 | Distance: 6.50%
--------------------------------------------------
2026-04-13 12:15:35,006 - INFO - 
NTPC Limited (NTPC.NS)
Price: ₹387.45
26W Low: ₹313.19 | Distance: 23.71%
52W Low: ₹313.09 | Distance: 23.75%
--------------------------------------------------
2026-04-13 12:15:38,526 - INFO - 
Cipla Limited (CIPLA.NS)
Price: ₹1212.50
26W Low: ₹1165.70 | Distance: 4.01%
52W Low: ₹1165.70 | Distance: 4.01%
--------------------------------------------------
2026-04-13 12:15:41,790 - INFO - 
Bajaj Auto Limited (BAJAJ-AUTO.NS)
Price: ₹9821.50
26W Low: ₹8605.00 | Distance: 14.14%
52W Low: ₹7423.85 | Distance: 32.30%
--------------------------------------------------
2026-04-13 12:15:44,872 - INFO - 
UPL Limited (UPL.NS)
Price: ₹636.90
26W Low: ₹565.15 | Distance: 12.70%
52W Low: ₹565.15 | Distance: 12.70%
--------------------------------------------------
2026-04-13 12:15:48,063 - INFO - 
Mahindra & Mahindra Limited (M&M.NS)
Price: ₹3241.00
26W Low: ₹2896.00 | Distance: 11.91%
52W Low: ₹2581.66 | Distance: 25.54%
--------------------------------------------------
2026-04-13 12:15:51,218 - INFO - 
HDFC Life Insurance Company Limited (HDFCLIFE.NS)
Price: ₹621.60
26W Low: ₹555.10 | Distance: 11.98%
52W Low: ₹555.10 | Distance: 11.98%
--------------------------------------------------
2026-04-13 12:15:54,390 - INFO - 
Bharat Petroleum Corporation Limited (BPCL.NS)
Price: ₹292.05
26W Low: ₹266.60 | Distance: 9.55%
52W Low: ₹266.60 | Distance: 9.55%
--------------------------------------------------
2026-04-13 12:15:57,764 - ERROR - HTTP Error 404: {"quoteSummary":{"result":null,"error":{"code":"Not Found","description":"Quote not found for symbol: TATAMOTORS.NS"}}}
2026-04-13 12:15:58,876 - ERROR - $TATAMOTORS.NS: possibly delisted; no price data found  (period=1d) (Yahoo error = "No data found, symbol may be delisted")
2026-04-13 12:16:01,998 - INFO - 
Tech Mahindra Limited (TECHM.NS)
Price: ₹1434.10
26W Low: ₹1304.10 | Distance: 9.97%
52W Low: ₹1240.02 | Distance: 15.65%
--------------------------------------------------
2026-04-13 12:16:05,178 - INFO - 
Asian Paints Limited (ASIANPAINT.NS)
Price: ₹2344.70
26W Low: ₹2115.00 | Distance: 10.86%
52W Low: ₹2115.00 | Distance: 10.86%
--------------------------------------------------
2026-04-13 12:16:09,323 - INFO - 
Eicher Motors Limited (EICHERMOT.NS)
Price: ₹7122.50
26W Low: ₹6442.00 | Distance: 10.56%
52W Low: ₹5152.69 | Distance: 38.23%
--------------------------------------------------
2026-04-13 12:16:12,492 - INFO - 
SBI Cards and Payment Services Limited (SBICARD.NS)
Price: ₹667.20
26W Low: ₹615.50 | Distance: 8.40%
52W Low: ₹615.50 | Distance: 8.40%
--------------------------------------------------
2026-04-13 12:16:15,562 - INFO - 
Nestlé India Limited (NESTLEIND.NS)
Price: ₹1226.30
26W Low: ₹1159.40 | Distance: 5.77%
52W Low: ₹1078.87 | Distance: 13.66%
--------------------------------------------------
2026-04-13 12:16:19,548 - INFO - 
UltraTech Cement Limited (ULTRACEMCO.NS)
Price: ₹11466.00
26W Low: ₹10325.00 | Distance: 11.05%
52W Low: ₹10325.00 | Distance: 11.05%
--------------------------------------------------
2026-04-13 12:16:22,813 - INFO - 
Bajaj Finance Limited (BAJFINANCE.NS)
Price: ₹903.00
26W Low: ₹787.90 | Distance: 14.61%
52W Low: ₹787.90 | Distance: 14.61%
--------------------------------------------------
2026-04-13 12:16:25,913 - INFO - 
State Bank of India (SBIN.NS)
Price: ₹1049.25
26W Low: ₹872.10 | Distance: 20.31%
52W Low: ₹740.63 | Distance: 41.67%
--------------------------------------------------
2026-04-13 12:16:29,121 - INFO - 
Tata Consultancy Services Limited (TCS.NS)
Price: ₹2482.20
26W Low: ₹2346.20 | Distance: 5.80%
52W Low: ₹2346.20 | Distance: 5.80%
--------------------------------------------------
2026-04-13 12:16:32,390 - INFO - 
Infosys Limited (INFY.NS)
Price: ₹1273.10
26W Low: ₹1215.10 | Distance: 4.77%
52W Low: ₹1215.10 | Distance: 4.77%
--------------------------------------------------
2026-04-13 12:16:35,747 - INFO - 
Tata Steel Limited (TATASTEEL.NS)
Price: ₹205.85
26W Low: ₹160.06 | Distance: 28.61%
52W Low: ₹130.65 | Distance: 57.55%
--------------------------------------------------
2026-04-13 12:16:39,297 - INFO - 
Reliance Industries Limited (RELIANCE.NS)
Price: ₹1316.50
26W Low: ₹1290.00 | Distance: 2.05%
52W Low: ₹1222.72 | Distance: 7.67%
--------------------------------------------------
2026-04-13 12:16:39,988 - INFO - -- BEGIN Twilio API Request --
2026-04-13 12:16:39,988 - INFO - POST Request: https://api.twilio.com/2010-04-01/Accounts/AC59b803e74c7c459ccc027d48a2425cd3/Messages.json
2026-04-13 12:16:39,988 - INFO - Headers:
2026-04-13 12:16:39,988 - INFO - Content-Type : application/x-www-form-urlencoded
2026-04-13 12:16:39,988 - INFO - Accept : application/json
2026-04-13 12:16:39,988 - INFO - User-Agent : twilio-python/9.10.4 (Windows AMD64) Python/3.10.0
2026-04-13 12:16:39,988 - INFO - X-Twilio-Client : python-9.10.4
2026-04-13 12:16:39,988 - INFO - Accept-Charset : utf-8
2026-04-13 12:16:39,988 - INFO - -- END Twilio API Request --
2026-04-13 12:16:40,437 - INFO - Response Status Code: 201
2026-04-13 12:16:40,437 - INFO - Response Headers: {'Content-Type': 'application/json;charset=utf-8', 'Content-Length': '1024', 'Connection': 'keep-alive', 'Date': 'Mon, 13 Apr 2026 06:46:40 GMT', 'Twilio-Concurrent-Requests': '1', 'Twilio-Request-Id': 'RQd2f8a111b6aeaffb12928cc4a03ce1a3', 'Twilio-Request-Duration': '0.132', 'X-Home-Region': 'us1', 'X-API-Domain': 'api.twilio.com', 'Strict-Transport-Security': 'max-age=31536000', 'X-Cache': 'Miss from cloudfront', 'Via': '1.1 31d74c8d65c5b9b59345d2b28c72aa24.cloudfront.net (CloudFront)', 'X-Amz-Cf-Pop': 'DEL54-P3', 'X-Amz-Cf-Id': '2WxS_l_zvY_O7h94FHmaHyKrqmLaYELrncNuq2yi7LwP4QiQNqipqw==', 'X-Powered-By': 'AT-5000', 'X-Shenanigans': 'none', 'Vary': 'Origin'}
2026-04-13 12:16:40,437 - INFO - WhatsApp sent: SMd2f8a111b6aeaffb12928cc4a03ce1a3
2026-04-13 12:16:43,675 - INFO - 
Power Grid Corporation of India Limited (POWERGRID.NS)
Price: ₹300.55
26W Low: ₹247.22 | Distance: 21.57%
52W Low: ₹247.22 | Distance: 21.57%
--------------------------------------------------
2026-04-13 12:16:47,152 - INFO - 
Maruti Suzuki India Limited (MARUTI.NS)
Price: ₹13168.00
26W Low: ₹12201.00 | Distance: 7.93%
52W Low: ₹11168.12 | Distance: 17.91%
--------------------------------------------------
2026-04-13 12:16:50,290 - INFO - 
IndusInd Bank Limited (INDUSINDBK.NS)
Price: ₹816.70
26W Low: ₹726.30 | Distance: 12.45%
52W Low: ₹693.05 | Distance: 17.84%
--------------------------------------------------
2026-04-13 12:16:53,571 - INFO - 
Dr. Reddy's Laboratories Limited (DRREDDY.NS)
Price: ₹1223.70
26W Low: ₹1148.40 | Distance: 6.56%
52W Low: ₹1121.88 | Distance: 9.08%
--------------------------------------------------
2026-04-13 12:16:57,136 - INFO - 
Adani Enterprises Limited (ADANIENT.NS)
Price: ₹2147.80
26W Low: ₹1753.00 | Distance: 22.52%
52W Low: ₹1753.00 | Distance: 22.52%
--------------------------------------------------
2026-04-13 12:17:00,530 - INFO - 
Titan Company Limited (TITAN.NS)
Price: ₹4471.00
26W Low: ₹3506.50 | Distance: 27.51%
52W Low: ₹3201.57 | Distance: 39.65%
--------------------------------------------------
2026-04-13 12:17:03,770 - INFO - 
Hero MotoCorp Limited (HEROMOTOCO.NS)
Price: ₹5272.00
26W Low: ₹4904.00 | Distance: 7.50%
52W Low: ₹3540.70 | Distance: 48.90%
--------------------------------------------------
2026-04-13 12:17:07,196 - INFO - 
Hindalco Industries Limited (HINDALCO.NS)
Price: ₹978.05
26W Low: ₹754.45 | Distance: 29.64%
52W Low: ₹597.62 | Distance: 63.66%
--------------------------------------------------
2026-04-13 12:17:09,206 - INFO - 
Next check in 300 seconds...
2026-04-13 12:21:30,141 - INFO - Stopped by user
2026-04-13 12:21:34,836 - INFO - 🚀 Starting Stock Monitor (Lows + Highs)
2026-04-13 12:21:34,836 - INFO - 
============================================================
2026-04-13 12:21:34,836 - INFO - Checking at 2026-04-13 12:21:34
2026-04-13 12:21:34,836 - INFO - ============================================================
2026-04-13 12:21:38,646 - INFO - 
Nestlé India Limited (NESTLEIND.NS)
Price: ₹1225.20

📉 26W Low: ₹1159.40 | 5.68% above
📈 26W High: ₹1334.80 | 8.21% below

📉 52W Low: ₹1078.87 | 13.56% above
📈 52W High: ₹1334.80 | 8.21% below
--------------------------------------------------
2026-04-13 12:21:42,523 - INFO - 
NTPC Limited (NTPC.NS)
Price: ₹386.85

📉 26W Low: ₹313.19 | 23.52% above
📈 26W High: ₹394.50 | 1.94% below

📉 52W Low: ₹313.09 | 23.56% above
📈 52W High: ₹394.50 | 1.94% below
--------------------------------------------------
2026-04-13 12:21:42,791 - INFO - -- BEGIN Twilio API Request --
2026-04-13 12:21:42,791 - INFO - POST Request: https://api.twilio.com/2010-04-01/Accounts/AC59b803e74c7c459ccc027d48a2425cd3/Messages.json
2026-04-13 12:21:42,791 - INFO - Headers:
2026-04-13 12:21:42,791 - INFO - Content-Type : application/x-www-form-urlencoded
2026-04-13 12:21:42,791 - INFO - Accept : application/json
2026-04-13 12:21:42,793 - INFO - User-Agent : twilio-python/9.10.4 (Windows AMD64) Python/3.10.0
2026-04-13 12:21:42,793 - INFO - X-Twilio-Client : python-9.10.4
2026-04-13 12:21:42,793 - INFO - Accept-Charset : utf-8
2026-04-13 12:21:42,793 - INFO - -- END Twilio API Request --
2026-04-13 12:21:43,217 - INFO - Response Status Code: 201
2026-04-13 12:21:43,217 - INFO - Response Headers: {'Content-Type': 'application/json;charset=utf-8', 'Content-Length': '1097', 'Connection': 'keep-alive', 'Date': 'Mon, 13 Apr 2026 06:51:43 GMT', 'Twilio-Concurrent-Requests': '1', 'Twilio-Request-Id': 'RQe1c8a49357552b37027c34f474aeb147', 'Twilio-Request-Duration': '0.130', 'X-Home-Region': 'us1', 'X-API-Domain': 'api.twilio.com', 'Strict-Transport-Security': 'max-age=31536000', 'X-Cache': 'Miss from cloudfront', 'Via': '1.1 e7158c7eed7a852dfc0a0b538680e072.cloudfront.net (CloudFront)', 'X-Amz-Cf-Pop': 'DEL54-P3', 'X-Amz-Cf-Id': 'qbQWViDskJwshMwDcGEun4Ow9vRKigSApx1ky1ufiHqehmiwjNJuWA==', 'X-Powered-By': 'AT-5000', 'X-Shenanigans': 'none', 'Vary': 'Origin'}
2026-04-13 12:21:43,218 - INFO - WhatsApp sent: SMe1c8a49357552b37027c34f474aeb147
2026-04-13 12:21:46,641 - INFO - 
Adani Enterprises Limited (ADANIENT.NS)
Price: ₹2145.70

📉 26W Low: ₹1753.00 | 22.40% above
📈 26W High: ₹2600.00 | 17.47% below

📉 52W Low: ₹1753.00 | 22.40% above
📈 52W High: ₹2695.00 | 20.38% below
--------------------------------------------------
2026-04-13 12:21:50,722 - INFO - 
Hindustan Unilever Limited (HINDUNILVR.NS)
Price: ₹2131.60

📉 26W Low: ₹2022.50 | 5.39% above
📈 26W High: ₹2646.40 | 19.45% below

📉 52W Low: ₹2022.50 | 5.39% above
📈 52W High: ₹2728.55 | 21.88% below
--------------------------------------------------
2026-04-13 12:21:54,542 - INFO - 
Sun Pharmaceutical Industries Limited (SUNPHARMA.NS)
Price: ₹1656.30

📉 26W Low: ₹1573.48 | 5.26% above
📈 26W High: ₹1843.00 | 10.13% below

📉 52W Low: ₹1538.01 | 7.69% above
📈 52W High: ₹1843.00 | 10.13% below
--------------------------------------------------
2026-04-13 12:21:58,016 - INFO - 
Eicher Motors Limited (EICHERMOT.NS)
Price: ₹7105.00

📉 26W Low: ₹6442.00 | 10.29% above
📈 26W High: ₹8230.00 | 13.67% below

📉 52W Low: ₹5152.69 | 37.89% above
📈 52W High: ₹8230.00 | 13.67% below
--------------------------------------------------
2026-04-13 12:22:01,476 - INFO - 
ICICI Bank Limited (ICICIBANK.NS)
Price: ₹1329.50

📉 26W Low: ₹1187.60 | 11.95% above
📈 26W High: ₹1445.00 | 7.99% below

📉 52W Low: ₹1187.60 | 11.95% above
📈 52W High: ₹1488.51 | 10.68% below
--------------------------------------------------
2026-04-13 12:22:05,241 - INFO - 
Cipla Limited (CIPLA.NS)
Price: ₹1212.30

📉 26W Low: ₹1165.70 | 4.00% above
📈 26W High: ₹1673.00 | 27.54% below

📉 52W Low: ₹1165.70 | 4.00% above
📈 52W High: ₹1673.00 | 27.54% below
--------------------------------------------------
2026-04-13 12:22:09,195 - INFO - 
Infosys Limited (INFY.NS)
Price: ₹1273.50

📉 26W Low: ₹1215.10 | 4.81% above
📈 26W High: ₹1728.00 | 26.30% below

📉 52W Low: ₹1215.10 | 4.81% above
📈 52W High: ₹1728.00 | 26.30% below
--------------------------------------------------
2026-04-13 12:22:12,691 - INFO - 
Grasim Industries Limited (GRASIM.NS)
Price: ₹2729.40

📉 26W Low: ₹2502.50 | 9.07% above
📈 26W High: ₹2979.00 | 8.38% below

📉 52W Low: ₹2501.90 | 9.09% above
📈 52W High: ₹2979.00 | 8.38% below
--------------------------------------------------
2026-04-13 12:22:16,218 - INFO - 
Titan Company Limited (TITAN.NS)
Price: ₹4469.40

📉 26W Low: ₹3506.50 | 27.46% above
📈 26W High: ₹4523.90 | 1.20% below

📉 52W Low: ₹3201.57 | 39.60% above
📈 52W High: ₹4523.90 | 1.20% below
--------------------------------------------------
2026-04-13 12:22:16,218 - INFO - -- BEGIN Twilio API Request --
2026-04-13 12:22:16,218 - INFO - POST Request: https://api.twilio.com/2010-04-01/Accounts/AC59b803e74c7c459ccc027d48a2425cd3/Messages.json
2026-04-13 12:22:16,218 - INFO - Headers:
2026-04-13 12:22:16,218 - INFO - Content-Type : application/x-www-form-urlencoded
2026-04-13 12:22:16,218 - INFO - Accept : application/json
2026-04-13 12:22:16,218 - INFO - User-Agent : twilio-python/9.10.4 (Windows AMD64) Python/3.10.0
2026-04-13 12:22:16,218 - INFO - X-Twilio-Client : python-9.10.4
2026-04-13 12:22:16,218 - INFO - Accept-Charset : utf-8
2026-04-13 12:22:16,218 - INFO - -- END Twilio API Request --
2026-04-13 12:22:16,638 - INFO - Response Status Code: 201
2026-04-13 12:22:16,638 - INFO - Response Headers: {'Content-Type': 'application/json;charset=utf-8', 'Content-Length': '1112', 'Connection': 'keep-alive', 'Date': 'Mon, 13 Apr 2026 06:52:16 GMT', 'Twilio-Concurrent-Requests': '1', 'Twilio-Request-Id': 'RQ53f2634fc8c1da5168b3735dbb8ba9b2', 'Twilio-Request-Duration': '0.136', 'X-Home-Region': 'us1', 'X-API-Domain': 'api.twilio.com', 'Strict-Transport-Security': 'max-age=31536000', 'X-Cache': 'Miss from cloudfront', 'Via': '1.1 e7158c7eed7a852dfc0a0b538680e072.cloudfront.net (CloudFront)', 'X-Amz-Cf-Pop': 'DEL54-P3', 'X-Amz-Cf-Id': 'ggXR13p-jph7A5UVC2Ysm6mQmYWAaikUCySLQSjCoO3jKkgAL8Y0qg==', 'X-Powered-By': 'AT-5000', 'X-Shenanigans': 'none', 'Vary': 'Origin'}
2026-04-13 12:22:16,638 - INFO - WhatsApp sent: SM53f2634fc8c1da5168b3735dbb8ba9b2
2026-04-13 12:22:20,493 - INFO - 
Oil and Natural Gas Corporation Limited (ONGC.NS)
Price: ₹285.15

📉 26W Low: ₹223.35 | 27.67% above
📈 26W High: ₹293.00 | 2.68% below

📉 52W Low: ₹216.72 | 31.58% above
📈 52W High: ₹293.00 | 2.68% below
--------------------------------------------------
2026-04-13 12:22:20,493 - INFO - -- BEGIN Twilio API Request --
2026-04-13 12:22:20,496 - INFO - POST Request: https://api.twilio.com/2010-04-01/Accounts/AC59b803e74c7c459ccc027d48a2425cd3/Messages.json
2026-04-13 12:22:20,496 - INFO - Headers:
2026-04-13 12:22:20,496 - INFO - Content-Type : application/x-www-form-urlencoded
2026-04-13 12:22:20,496 - INFO - Accept : application/json
2026-04-13 12:22:20,496 - INFO - User-Agent : twilio-python/9.10.4 (Windows AMD64) Python/3.10.0
2026-04-13 12:22:20,496 - INFO - X-Twilio-Client : python-9.10.4
2026-04-13 12:22:20,496 - INFO - Accept-Charset : utf-8
2026-04-13 12:22:20,497 - INFO - -- END Twilio API Request --
2026-04-13 12:22:20,901 - INFO - Response Status Code: 201
2026-04-13 12:22:20,902 - INFO - Response Headers: {'Content-Type': 'application/json;charset=utf-8', 'Content-Length': '1124', 'Connection': 'keep-alive', 'Date': 'Mon, 13 Apr 2026 06:52:21 GMT', 'Twilio-Concurrent-Requests': '1', 'Twilio-Request-Id': 'RQccf7cdacfe2ca34044426e7ae3613d37', 'Twilio-Request-Duration': '0.154', 'X-Home-Region': 'us1', 'X-API-Domain': 'api.twilio.com', 'Strict-Transport-Security': 'max-age=31536000', 'X-Cache': 'Miss from cloudfront', 'Via': '1.1 e7158c7eed7a852dfc0a0b538680e072.cloudfront.net (CloudFront)', 'X-Amz-Cf-Pop': 'DEL54-P3', 'X-Amz-Cf-Id': '8Rrao_QL9gyFTTVijcIdoLi-67EskGj_3hqgQ_fX-4UsQuCfd-UiEw==', 'X-Powered-By': 'AT-5000', 'X-Shenanigans': 'none', 'Vary': 'Origin'}
2026-04-13 12:22:20,902 - INFO - WhatsApp sent: SMccf7cdacfe2ca34044426e7ae3613d37
2026-04-13 12:22:24,734 - ERROR - HTTP Error 404: {"quoteSummary":{"result":null,"error":{"code":"Not Found","description":"Quote not found for symbol: TATAMOTORS.NS"}}}
2026-04-13 12:22:26,194 - ERROR - $TATAMOTORS.NS: possibly delisted; no price data found  (period=1d) (Yahoo error = "No data found, symbol may be delisted")
2026-04-13 12:22:30,434 - INFO - 
HDFC Bank Limited (HDFCBANK.NS)
Price: ₹791.60

📉 26W Low: ₹726.65 | 8.94% above
📈 26W High: ₹1020.50 | 22.43% below

📉 52W Low: ₹726.65 | 8.94% above
📈 52W High: ₹1020.50 | 22.43% below
--------------------------------------------------
2026-04-13 12:22:33,908 - INFO - 
Coal India Limited (COALINDIA.NS)
Price: ₹434.50

📉 26W Low: ₹364.48 | 19.21% above
📈 26W High: ₹476.00 | 8.72% below

📉 52W Low: ₹345.88 | 25.62% above
📈 52W High: ₹476.00 | 8.72% below
--------------------------------------------------
2026-04-13 12:22:37,761 - INFO - 
HDFC Life Insurance Company Limited (HDFCLIFE.NS)
Price: ₹620.55

📉 26W Low: ₹555.10 | 11.79% above
📈 26W High: ₹788.50 | 21.30% below

📉 52W Low: ₹555.10 | 11.79% above
📈 52W High: ₹820.75 | 24.39% below
--------------------------------------------------
2026-04-13 12:22:41,640 - INFO - 
Adani Ports and Special Economic Zone Limited (ADANIPORTS.NS)
Price: ₹1470.70

📉 26W Low: ₹1292.00 | 13.83% above
📈 26W High: ₹1584.00 | 7.15% below

📉 52W Low: ₹1173.29 | 25.35% above
📈 52W High: ₹1584.00 | 7.15% below
--------------------------------------------------
2026-04-13 12:22:45,080 - INFO - 
IndusInd Bank Limited (INDUSINDBK.NS)
Price: ₹815.60

📉 26W Low: ₹726.30 | 12.30% above
📈 26W High: ₹968.85 | 15.82% below

📉 52W Low: ₹693.05 | 17.68% above
📈 52W High: ₹968.85 | 15.82% below
--------------------------------------------------
2026-04-13 12:22:48,976 - INFO - 
Bharti Airtel Limited (BHARTIARTL.NS)
Price: ₹1887.10

📉 26W Low: ₹1746.90 | 8.03% above
📈 26W High: ₹2174.50 | 13.22% below

📉 52W Low: ₹1746.90 | 8.03% above
📈 52W High: ₹2174.50 | 13.22% below
--------------------------------------------------
2026-04-13 12:22:52,557 - INFO - 
Asian Paints Limited (ASIANPAINT.NS)
Price: ₹2345.30

📉 26W Low: ₹2115.00 | 10.89% above
📈 26W High: ₹2985.70 | 21.45% below

📉 52W Low: ₹2115.00 | 10.89% above
📈 52W High: ₹2985.70 | 21.45% below
--------------------------------------------------
2026-04-13 12:22:56,052 - INFO - 
Bajaj Auto Limited (BAJAJ-AUTO.NS)
Price: ₹9810.00

📉 26W Low: ₹8605.00 | 14.00% above
📈 26W High: ₹10187.00 | 3.70% below

📉 52W Low: ₹7423.85 | 32.14% above
📈 52W High: ₹10187.00 | 3.70% below
--------------------------------------------------
2026-04-13 12:22:59,577 - INFO - 
SBI Life Insurance Company Limited (SBILIFE.NS)
Price: ₹1923.10

📉 26W Low: ₹1728.10 | 11.28% above
📈 26W High: ₹2129.04 | 9.67% below

📉 52W Low: ₹1522.88 | 26.28% above
📈 52W High: ₹2129.04 | 9.67% below
--------------------------------------------------
2026-04-13 12:23:03,967 - INFO - 
Maruti Suzuki India Limited (MARUTI.NS)
Price: ₹13141.00

📉 26W Low: ₹12201.00 | 7.70% above
📈 26W High: ₹17370.00 | 24.35% below

📉 52W Low: ₹11168.12 | 17.67% above
📈 52W High: ₹17370.00 | 24.35% below
--------------------------------------------------
2026-04-13 12:23:07,741 - INFO - 
Tata Steel Limited (TATASTEEL.NS)
Price: ₹205.88

📉 26W Low: ₹160.06 | 28.63% above
📈 26W High: ₹216.45 | 4.88% below

📉 52W Low: ₹130.65 | 57.58% above
📈 52W High: ₹216.45 | 4.88% below
--------------------------------------------------
2026-04-13 12:23:11,306 - INFO - 
Tech Mahindra Limited (TECHM.NS)
Price: ₹1433.20

📉 26W Low: ₹1304.10 | 9.90% above
📈 26W High: ₹1854.00 | 22.70% below

📉 52W Low: ₹1240.02 | 15.58% above
📈 52W High: ₹1854.00 | 22.70% below
--------------------------------------------------
2026-04-13 12:23:15,781 - INFO - 
Britannia Industries Limited (BRITANNIA.NS)
Price: ₹5567.00

📉 26W Low: ₹5351.50 | 4.03% above
📈 26W High: ₹6271.00 | 11.23% below

📉 52W Low: ₹5208.25 | 6.89% above
📈 52W High: ₹6336.00 | 12.14% below
--------------------------------------------------
2026-04-13 12:23:19,828 - INFO - 
Apollo Hospitals Enterprise Limited (APOLLOHOSP.NS)
Price: ₹7525.00

📉 26W Low: ₹6687.62 | 12.52% above
📈 26W High: ₹8088.76 | 6.97% below

📉 52W Low: ₹6660.12 | 12.99% above
📈 52W High: ₹8088.76 | 6.97% below
--------------------------------------------------
2026-04-13 12:23:23,763 - INFO - 
HCL Technologies Limited (HCLTECH.NS)
Price: ₹1424.10

📉 26W Low: ₹1297.70 | 9.74% above
📈 26W High: ₹1780.10 | 20.00% below

📉 52W Low: ₹1297.70 | 9.74% above
📈 52W High: ₹1780.10 | 20.00% below
--------------------------------------------------
2026-04-13 12:23:27,398 - INFO - 
SBI Cards and Payment Services Limited (SBICARD.NS)
Price: ₹666.20

📉 26W Low: ₹615.50 | 8.24% above
📈 26W High: ₹961.63 | 30.72% below

📉 52W Low: ₹615.50 | 8.24% above
📈 52W High: ₹1023.66 | 34.92% below
--------------------------------------------------
2026-04-13 12:23:30,913 - INFO - 
State Bank of India (SBIN.NS)
Price: ₹1051.10

📉 26W Low: ₹872.10 | 20.53% above
📈 26W High: ₹1234.70 | 14.87% below

📉 52W Low: ₹740.63 | 41.92% above
📈 52W High: ₹1234.70 | 14.87% below
--------------------------------------------------
2026-04-13 12:23:34,115 - ERROR - Error fetching HINDALCO.NS: 'NoneType' object is not subscriptable
2026-04-13 12:23:37,877 - INFO - 
UPL Limited (UPL.NS)
Price: ₹635.45

📉 26W Low: ₹565.15 | 12.44% above
📈 26W High: ₹812.20 | 21.76% below

📉 52W Low: ₹565.15 | 12.44% above
📈 52W High: ₹812.20 | 21.76% below
--------------------------------------------------
2026-04-13 12:23:41,494 - INFO - 
Mahindra & Mahindra Limited (M&M.NS)
Price: ₹3237.00

📉 26W Low: ₹2896.00 | 11.77% above
📈 26W High: ₹3839.90 | 15.70% below

📉 52W Low: ₹2581.66 | 25.38% above
📈 52W High: ₹3839.90 | 15.70% below
--------------------------------------------------
2026-04-13 12:23:46,382 - INFO - 
Divi's Laboratories Limited (DIVISLAB.NS)
Price: ₹6068.00

📉 26W Low: ₹5647.50 | 7.45% above
📈 26W High: ₹6904.50 | 12.12% below

📉 52W Low: ₹5570.63 | 8.93% above
📈 52W High: ₹7039.45 | 13.80% below
--------------------------------------------------
2026-04-13 12:23:50,311 - INFO - 
Bharat Petroleum Corporation Limited (BPCL.NS)
Price: ₹292.25

📉 26W Low: ₹266.60 | 9.62% above
📈 26W High: ₹391.65 | 25.38% below

📉 52W Low: ₹266.60 | 9.62% above
📈 52W High: ₹391.65 | 25.38% below
--------------------------------------------------
2026-04-13 12:23:53,780 - INFO - 
Kotak Mahindra Bank Limited (KOTAKBANK.NS)
Price: ₹368.00

📉 26W Low: ₹345.50 | 6.51% above
📈 26W High: ₹453.20 | 18.80% below

📉 52W Low: ₹345.50 | 6.51% above
📈 52W High: ₹459.85 | 19.97% below
--------------------------------------------------
2026-04-13 12:23:57,680 - INFO - 
UltraTech Cement Limited (ULTRACEMCO.NS)
Price: ₹11468.00

📉 26W Low: ₹10325.00 | 11.07% above
📈 26W High: ₹13110.00 | 12.52% below

📉 52W Low: ₹10325.00 | 11.07% above
📈 52W High: ₹13110.00 | 12.52% below
--------------------------------------------------
2026-04-13 12:24:01,649 - INFO - 
Larsen & Toubro Limited (LT.NS)
Price: ₹3937.30

📉 26W Low: ₹3288.10 | 19.74% above
📈 26W High: ₹4440.00 | 11.32% below

📉 52W Low: ₹3133.18 | 25.66% above
📈 52W High: ₹4440.00 | 11.32% below
--------------------------------------------------
2026-04-13 12:24:05,407 - INFO - 
Hero MotoCorp Limited (HEROMOTOCO.NS)
Price: ₹5256.50

📉 26W Low: ₹4904.00 | 7.19% above
📈 26W High: ₹6266.36 | 16.12% below

📉 52W Low: ₹3540.70 | 48.46% above
📈 52W High: ₹6266.36 | 16.12% below
--------------------------------------------------
2026-04-13 12:24:08,976 - INFO - 
Shriram Finance Limited (SHRIRAMFIN.NS)
Price: ₹1008.70

📉 26W Low: ₹654.76 | 54.06% above
📈 26W High: ₹1108.00 | 8.96% below

📉 52W Low: ₹563.07 | 79.14% above
📈 52W High: ₹1108.00 | 8.96% below
--------------------------------------------------
2026-04-13 12:24:12,751 - INFO - 
Power Grid Corporation of India Limited (POWERGRID.NS)
Price: ₹300.40

📉 26W Low: ₹247.22 | 21.51% above
📈 26W High: ₹311.70 | 3.63% below

📉 52W Low: ₹247.22 | 21.51% above
📈 52W High: ₹311.81 | 3.66% below
--------------------------------------------------
2026-04-13 12:24:16,361 - INFO - 
Bajaj Finserv Ltd. (BAJAJFINSV.NS)
Price: ₹1772.90

📉 26W Low: ₹1597.00 | 11.01% above
📈 26W High: ₹2195.00 | 19.23% below

📉 52W Low: ₹1597.00 | 11.01% above
📈 52W High: ₹2195.00 | 19.23% below
--------------------------------------------------
2026-04-13 12:24:20,196 - INFO - 
ITC Limited (ITC.NS)
Price: ₹299.80

📉 26W Low: ₹287.00 | 4.46% above
📈 26W High: ₹417.65 | 28.22% below

📉 52W Low: ₹287.00 | 4.46% above
📈 52W High: ₹427.21 | 29.82% below
--------------------------------------------------
2026-04-13 12:24:23,637 - INFO - 
Axis Bank Limited (AXISBANK.NS)
Price: ₹1349.90

📉 26W Low: ₹1150.30 | 17.35% above
📈 26W High: ₹1418.30 | 4.82% below

📉 52W Low: ₹1042.50 | 29.49% above
📈 52W High: ₹1418.30 | 4.82% below
--------------------------------------------------
2026-04-13 12:24:27,230 - INFO - 
Wipro Limited (WIPRO.NS)
Price: ₹202.27

📉 26W Low: ₹186.50 | 8.46% above
📈 26W High: ₹266.23 | 24.02% below

📉 52W Low: ₹186.50 | 8.46% above
📈 52W High: ₹266.23 | 24.02% below
--------------------------------------------------
2026-04-13 12:24:30,852 - INFO - 
JSW Steel Limited (JSWSTEEL.NS)
Price: ₹1209.20

📉 26W Low: ₹1073.20 | 12.67% above
📈 26W High: ₹1284.70 | 5.88% below

📉 52W Low: ₹932.49 | 29.67% above
📈 52W High: ₹1284.70 | 5.88% below
--------------------------------------------------
2026-04-13 12:24:33,150 - ERROR - $LTIM.NS: possibly delisted; no price data found  (period=1d)
2026-04-13 12:24:37,116 - INFO - 
Tata Consultancy Services Limited (TCS.NS)
Price: ₹2481.70

📉 26W Low: ₹2346.20 | 5.78% above
📈 26W High: ₹3350.00 | 25.92% below

📉 52W Low: ₹2346.20 | 5.78% above
📈 52W High: ₹3509.22 | 29.28% below
--------------------------------------------------
2026-04-13 12:24:40,637 - INFO - 
Bajaj Finance Limited (BAJFINANCE.NS)
Price: ₹902.25

📉 26W Low: ₹787.90 | 14.51% above
📈 26W High: ₹1102.50 | 18.16% below

📉 52W Low: ₹787.90 | 14.51% above
📈 52W High: ₹1102.50 | 18.16% below
--------------------------------------------------
2026-04-13 12:24:44,531 - INFO - 
Dr. Reddy's Laboratories Limited (DRREDDY.NS)
Price: ₹1222.90

📉 26W Low: ₹1148.40 | 6.49% above
📈 26W High: ₹1337.30 | 8.55% below

📉 52W Low: ₹1121.88 | 9.00% above
📈 52W High: ₹1371.00 | 10.80% below
--------------------------------------------------
2026-04-13 12:24:45,507 - INFO - Stopped by user
2026-04-13 12:24:49,865 - INFO - 🚀 Starting Stock Monitor (Low Alerts Only)
2026-04-13 12:24:49,865 - INFO - 
============================================================
2026-04-13 12:24:49,865 - INFO - Checking at 2026-04-13 12:24:49
2026-04-13 12:24:49,865 - INFO - ============================================================
2026-04-13 12:24:53,189 - INFO - 
Hindustan Unilever Limited (HINDUNILVR.NS)
Price: ₹2129.10

📉 26W Low: ₹2022.50 | 5.27% above
📈 26W High: ₹2646.40 | 19.55% below

📉 52W Low: ₹2022.50 | 5.27% above
📈 52W High: ₹2728.55 | 21.97% below
--------------------------------------------------
2026-04-13 12:24:56,700 - INFO - 
Coal India Limited (COALINDIA.NS)
Price: ₹434.35

📉 26W Low: ₹364.48 | 19.17% above
📈 26W High: ₹476.00 | 8.75% below

📉 52W Low: ₹345.88 | 25.58% above
📈 52W High: ₹476.00 | 8.75% below
--------------------------------------------------
2026-04-13 12:25:00,287 - INFO - 
ITC Limited (ITC.NS)
Price: ₹299.70

📉 26W Low: ₹287.00 | 4.43% above
📈 26W High: ₹417.65 | 28.24% below

📉 52W Low: ₹287.00 | 4.43% above
📈 52W High: ₹427.21 | 29.85% below
--------------------------------------------------
2026-04-13 12:25:03,974 - INFO - 
UPL Limited (UPL.NS)
Price: ₹635.35

📉 26W Low: ₹565.15 | 12.42% above
📈 26W High: ₹812.20 | 21.77% below

📉 52W Low: ₹565.15 | 12.42% above
📈 52W High: ₹812.20 | 21.77% below
--------------------------------------------------
2026-04-13 12:25:08,041 - INFO - 
SBI Cards and Payment Services Limited (SBICARD.NS)
Price: ₹666.35

📉 26W Low: ₹615.50 | 8.26% above
📈 26W High: ₹961.63 | 30.71% below

📉 52W Low: ₹615.50 | 8.26% above
📈 52W High: ₹1023.66 | 34.91% below
--------------------------------------------------
2026-04-13 12:25:12,133 - INFO - 
Grasim Industries Limited (GRASIM.NS)
Price: ₹2729.60

📉 26W Low: ₹2502.50 | 9.07% above
📈 26W High: ₹2979.00 | 8.37% below

📉 52W Low: ₹2501.90 | 9.10% above
📈 52W High: ₹2979.00 | 8.37% below
--------------------------------------------------
2026-04-13 12:25:15,784 - INFO - 
Bajaj Finance Limited (BAJFINANCE.NS)
Price: ₹902.00

📉 26W Low: ₹787.90 | 14.48% above
📈 26W High: ₹1102.50 | 18.19% below

📉 52W Low: ₹787.90 | 14.48% above
📈 52W High: ₹1102.50 | 18.19% below
--------------------------------------------------
2026-04-13 12:25:19,368 - INFO - 
UltraTech Cement Limited (ULTRACEMCO.NS)
Price: ₹11467.00

📉 26W Low: ₹10325.00 | 11.06% above
📈 26W High: ₹13110.00 | 12.53% below

📉 52W Low: ₹10325.00 | 11.06% above
📈 52W High: ₹13110.00 | 12.53% below
--------------------------------------------------
2026-04-13 12:25:22,952 - INFO - 
Shriram Finance Limited (SHRIRAMFIN.NS)
Price: ₹1009.70

📉 26W Low: ₹654.76 | 54.21% above
📈 26W High: ₹1108.00 | 8.87% below

📉 52W Low: ₹563.07 | 79.32% above
📈 52W High: ₹1108.00 | 8.87% below
--------------------------------------------------
2026-04-13 12:25:26,839 - INFO - 
Hero MotoCorp Limited (HEROMOTOCO.NS)
Price: ₹5256.00

📉 26W Low: ₹4904.00 | 7.18% above
📈 26W High: ₹6266.36 | 16.12% below

📉 52W Low: ₹3540.70 | 48.45% above
📈 52W High: ₹6266.36 | 16.12% below
--------------------------------------------------
2026-04-13 12:25:30,369 - INFO - 
Adani Ports and Special Economic Zone Limited (ADANIPORTS.NS)
Price: ₹1470.20

📉 26W Low: ₹1292.00 | 13.79% above
📈 26W High: ₹1584.00 | 7.18% below

📉 52W Low: ₹1173.29 | 25.31% above
📈 52W High: ₹1584.00 | 7.18% below
--------------------------------------------------
2026-04-13 12:25:34,162 - INFO - 
Apollo Hospitals Enterprise Limited (APOLLOHOSP.NS)
Price: ₹7523.50

📉 26W Low: ₹6687.62 | 12.50% above
📈 26W High: ₹8088.76 | 6.99% below

📉 52W Low: ₹6660.12 | 12.96% above
📈 52W High: ₹8088.76 | 6.99% below
--------------------------------------------------
2026-04-13 12:25:37,606 - INFO - 
Power Grid Corporation of India Limited (POWERGRID.NS)
Price: ₹300.45

📉 26W Low: ₹247.22 | 21.53% above
📈 26W High: ₹311.70 | 3.61% below

📉 52W Low: ₹247.22 | 21.53% above
📈 52W High: ₹311.81 | 3.64% below
--------------------------------------------------
2026-04-13 12:25:41,861 - INFO - 
Oil and Natural Gas Corporation Limited (ONGC.NS)
Price: ₹285.50

📉 26W Low: ₹223.35 | 27.82% above
📈 26W High: ₹293.00 | 2.56% below

📉 52W Low: ₹216.72 | 31.74% above
📈 52W High: ₹293.00 | 2.56% below
--------------------------------------------------
2026-04-13 12:25:45,452 - INFO - 
Larsen & Toubro Limited (LT.NS)
Price: ₹3938.50

📉 26W Low: ₹3288.10 | 19.78% above
📈 26W High: ₹4440.00 | 11.30% below

📉 52W Low: ₹3133.18 | 25.70% above
📈 52W High: ₹4440.00 | 11.30% below
--------------------------------------------------
2026-04-13 12:25:49,546 - INFO - 
Eicher Motors Limited (EICHERMOT.NS)
Price: ₹7111.50

📉 26W Low: ₹6442.00 | 10.39% above
📈 26W High: ₹8230.00 | 13.59% below

📉 52W Low: ₹5152.69 | 38.02% above
📈 52W High: ₹8230.00 | 13.59% below
--------------------------------------------------
2026-04-13 12:25:53,143 - INFO - 
Cipla Limited (CIPLA.NS)
Price: ₹1210.90

📉 26W Low: ₹1165.70 | 3.88% above
📈 26W High: ₹1673.00 | 27.62% below

📉 52W Low: ₹1165.70 | 3.88% above
📈 52W High: ₹1673.00 | 27.62% below
--------------------------------------------------
2026-04-13 12:25:56,661 - INFO - 
Bharti Airtel Limited (BHARTIARTL.NS)
Price: ₹1889.30

📉 26W Low: ₹1746.90 | 8.15% above
📈 26W High: ₹2174.50 | 13.12% below

📉 52W Low: ₹1746.90 | 8.15% above
📈 52W High: ₹2174.50 | 13.12% below
--------------------------------------------------
2026-04-13 12:26:00,144 - INFO - 
Adani Enterprises Limited (ADANIENT.NS)
Price: ₹2143.90

📉 26W Low: ₹1753.00 | 22.30% above
📈 26W High: ₹2600.00 | 17.54% below

📉 52W Low: ₹1753.00 | 22.30% above
📈 52W High: ₹2695.00 | 20.45% below
--------------------------------------------------
2026-04-13 12:26:03,679 - INFO - 
Titan Company Limited (TITAN.NS)
Price: ₹4468.80

📉 26W Low: ₹3506.50 | 27.44% above
📈 26W High: ₹4523.90 | 1.22% below

📉 52W Low: ₹3201.57 | 39.58% above
📈 52W High: ₹4523.90 | 1.22% below
--------------------------------------------------
2026-04-13 12:26:07,719 - ERROR - HTTP Error 404: {"quoteSummary":{"result":null,"error":{"code":"Not Found","description":"Quote not found for symbol: TATAMOTORS.NS"}}}
2026-04-13 12:26:09,733 - ERROR - $TATAMOTORS.NS: possibly delisted; no price data found  (period=1d) (Yahoo error = "No data found, symbol may be delisted")
2026-04-13 12:26:13,296 - INFO - 
Tech Mahindra Limited (TECHM.NS)
Price: ₹1435.00

📉 26W Low: ₹1304.10 | 10.04% above
📈 26W High: ₹1854.00 | 22.60% below

📉 52W Low: ₹1240.02 | 15.72% above
📈 52W High: ₹1854.00 | 22.60% below
--------------------------------------------------
2026-04-13 12:26:16,741 - INFO - 
Bajaj Finserv Ltd. (BAJAJFINSV.NS)
Price: ₹1774.50

📉 26W Low: ₹1597.00 | 11.11% above
📈 26W High: ₹2195.00 | 19.16% below

📉 52W Low: ₹1597.00 | 11.11% above
📈 52W High: ₹2195.00 | 19.16% below
--------------------------------------------------
2026-04-13 12:26:20,236 - INFO - 
Maruti Suzuki India Limited (MARUTI.NS)
Price: ₹13155.00

📉 26W Low: ₹12201.00 | 7.82% above
📈 26W High: ₹17370.00 | 24.27% below

📉 52W Low: ₹11168.12 | 17.79% above
📈 52W High: ₹17370.00 | 24.27% below
--------------------------------------------------
2026-04-13 12:26:22,568 - ERROR - $LTIM.NS: possibly delisted; no price data found  (period=1d)
2026-04-13 12:26:26,192 - INFO - 
IndusInd Bank Limited (INDUSINDBK.NS)
Price: ₹815.60

📉 26W Low: ₹726.30 | 12.30% above
📈 26W High: ₹968.85 | 15.82% below

📉 52W Low: ₹693.05 | 17.68% above
📈 52W High: ₹968.85 | 15.82% below
--------------------------------------------------
2026-04-13 12:26:30,312 - INFO - 
SBI Life Insurance Company Limited (SBILIFE.NS)
Price: ₹1924.10

📉 26W Low: ₹1728.10 | 11.34% above
📈 26W High: ₹2129.04 | 9.63% below

📉 52W Low: ₹1522.88 | 26.35% above
📈 52W High: ₹2129.04 | 9.63% below
--------------------------------------------------
2026-04-13 12:26:34,225 - INFO - 
JSW Steel Limited (JSWSTEEL.NS)
Price: ₹1210.40

📉 26W Low: ₹1073.20 | 12.78% above
📈 26W High: ₹1284.70 | 5.78% below

📉 52W Low: ₹932.49 | 29.80% above
📈 52W High: ₹1284.70 | 5.78% below
--------------------------------------------------
2026-04-13 12:26:37,727 - INFO - 
HCL Technologies Limited (HCLTECH.NS)
Price: ₹1423.30

📉 26W Low: ₹1297.70 | 9.68% above
📈 26W High: ₹1780.10 | 20.04% below

📉 52W Low: ₹1297.70 | 9.68% above
📈 52W High: ₹1780.10 | 20.04% below
--------------------------------------------------
2026-04-13 12:26:41,223 - INFO - 
HDFC Bank Limited (HDFCBANK.NS)
Price: ₹792.15

📉 26W Low: ₹726.65 | 9.01% above
📈 26W High: ₹1020.50 | 22.38% below

📉 52W Low: ₹726.65 | 9.01% above
📈 52W High: ₹1020.50 | 22.38% below
--------------------------------------------------
2026-04-13 12:26:44,979 - INFO - 
Asian Paints Limited (ASIANPAINT.NS)
Price: ₹2340.00

📉 26W Low: ₹2115.00 | 10.64% above
📈 26W High: ₹2985.70 | 21.63% below

📉 52W Low: ₹2115.00 | 10.64% above
📈 52W High: ₹2985.70 | 21.63% below
--------------------------------------------------
2026-04-13 12:26:48,852 - INFO - 
NTPC Limited (NTPC.NS)
Price: ₹386.30

📉 26W Low: ₹313.19 | 23.35% above
📈 26W High: ₹394.50 | 2.08% below

📉 52W Low: ₹313.09 | 23.38% above
📈 52W High: ₹394.50 | 2.08% below
--------------------------------------------------
2026-04-13 12:26:52,629 - INFO - 
Tata Steel Limited (TATASTEEL.NS)
Price: ₹206.03

📉 26W Low: ₹160.06 | 28.72% above
📈 26W High: ₹216.45 | 4.81% below

📉 52W Low: ₹130.65 | 57.69% above
📈 52W High: ₹216.45 | 4.81% below
--------------------------------------------------
2026-04-13 12:26:56,124 - INFO - 
Infosys Limited (INFY.NS)
Price: ₹1274.20

📉 26W Low: ₹1215.10 | 4.86% above
📈 26W High: ₹1728.00 | 26.26% below

📉 52W Low: ₹1215.10 | 4.86% above
📈 52W High: ₹1728.00 | 26.26% below
--------------------------------------------------
2026-04-13 12:26:59,635 - INFO - 
State Bank of India (SBIN.NS)
Price: ₹1053.50

📉 26W Low: ₹872.10 | 20.80% above
📈 26W High: ₹1234.70 | 14.68% below

📉 52W Low: ₹740.63 | 42.24% above
📈 52W High: ₹1234.70 | 14.68% below
--------------------------------------------------
2026-04-13 12:27:03,810 - INFO - 
Bharat Petroleum Corporation Limited (BPCL.NS)
Price: ₹292.20

📉 26W Low: ₹266.60 | 9.60% above
📈 26W High: ₹391.65 | 25.39% below

📉 52W Low: ₹266.60 | 9.60% above
📈 52W High: ₹391.65 | 25.39% below
--------------------------------------------------
2026-04-13 12:27:08,204 - INFO - 
Sun Pharmaceutical Industries Limited (SUNPHARMA.NS)
Price: ₹1656.90

📉 26W Low: ₹1573.48 | 5.30% above
📈 26W High: ₹1843.00 | 10.10% below

📉 52W Low: ₹1538.01 | 7.73% above
📈 52W High: ₹1843.00 | 10.10% below
--------------------------------------------------
2026-04-13 12:27:11,932 - INFO - 
Dr. Reddy's Laboratories Limited (DRREDDY.NS)
Price: ₹1224.30

📉 26W Low: ₹1148.40 | 6.61% above
📈 26W High: ₹1337.30 | 8.45% below

📉 52W Low: ₹1121.88 | 9.13% above
📈 52W High: ₹1371.00 | 10.70% below
--------------------------------------------------
2026-04-13 12:27:15,408 - INFO - 
Mahindra & Mahindra Limited (M&M.NS)
Price: ₹3245.40

📉 26W Low: ₹2896.00 | 12.06% above
📈 26W High: ₹3839.90 | 15.48% below

📉 52W Low: ₹2581.66 | 25.71% above
📈 52W High: ₹3839.90 | 15.48% below
--------------------------------------------------
2026-04-13 12:27:18,744 - ERROR - Error fetching TCS.NS: Failed to perform, curl: (23) Failure writing output to destination, passed 13 returned 0. See https://curl.se/libcurl/c/libcurl-errors.html first for more details.
2026-04-13 12:27:22,332 - INFO - 
Wipro Limited (WIPRO.NS)
Price: ₹202.44

📉 26W Low: ₹186.50 | 8.55% above
📈 26W High: ₹266.23 | 23.96% below

📉 52W Low: ₹186.50 | 8.55% above
📈 52W High: ₹266.23 | 23.96% below
--------------------------------------------------
2026-04-13 12:27:26,005 - ERROR - Error fetching DIVISLAB.NS: 'NoneType' object is not subscriptable
2026-04-13 12:27:29,670 - INFO - 
Nestlé India Limited (NESTLEIND.NS)
Price: ₹1224.00

📉 26W Low: ₹1159.40 | 5.57% above
📈 26W High: ₹1334.80 | 8.30% below

📉 52W Low: ₹1078.87 | 13.45% above
📈 52W High: ₹1334.80 | 8.30% below
--------------------------------------------------
2026-04-13 12:27:30,517 - INFO - Stopped by user
2026-04-13 12:30:38,919 - INFO - 🚀 Starting Stock Monitor (Low + Portfolio High Alerts)
2026-04-13 12:30:38,921 - INFO - 
============================================================
2026-04-13 12:30:38,921 - INFO - Checking at 2026-04-13 12:30:38
2026-04-13 12:30:38,922 - INFO - ============================================================
2026-04-13 12:30:42,806 - INFO - 
State Bank of India (SBIN.NS)
Price: ₹1056.45

📉 26W Low: ₹872.10 | 21.14% above
📈 26W High: ₹1234.70 | 14.44% below

📉 52W Low: ₹740.63 | 42.64% above
📈 52W High: ₹1234.70 | 14.44% below
--------------------------------------------------
2026-04-13 12:30:46,160 - INFO - 
Adani Enterprises Limited (ADANIENT.NS)
Price: ₹2142.70

📉 26W Low: ₹1753.00 | 22.23% above
📈 26W High: ₹2600.00 | 17.59% below

📉 52W Low: ₹1753.00 | 22.23% above
📈 52W High: ₹2695.00 | 20.49% below
--------------------------------------------------
2026-04-13 12:30:49,468 - INFO - 
Infosys Limited (INFY.NS)
Price: ₹1273.80

📉 26W Low: ₹1215.10 | 4.83% above
📈 26W High: ₹1728.00 | 26.28% below

📉 52W Low: ₹1215.10 | 4.83% above
📈 52W High: ₹1728.00 | 26.28% below
--------------------------------------------------
2026-04-13 12:30:52,882 - INFO - 
Adani Ports and Special Economic Zone Limited (ADANIPORTS.NS)
Price: ₹1471.40

📉 26W Low: ₹1292.00 | 13.89% above
📈 26W High: ₹1584.00 | 7.11% below

📉 52W Low: ₹1173.29 | 25.41% above
📈 52W High: ₹1584.00 | 7.11% below
--------------------------------------------------
2026-04-13 12:30:56,187 - INFO - 
Larsen & Toubro Limited (LT.NS)
Price: ₹3945.10

📉 26W Low: ₹3288.10 | 19.98% above
📈 26W High: ₹4440.00 | 11.15% below

📉 52W Low: ₹3133.18 | 25.91% above
📈 52W High: ₹4440.00 | 11.15% below
--------------------------------------------------
2026-04-13 12:30:59,550 - INFO - 
Hindustan Unilever Limited (HINDUNILVR.NS)
Price: ₹2130.40

📉 26W Low: ₹2022.50 | 5.33% above
📈 26W High: ₹2646.40 | 19.50% below

📉 52W Low: ₹2022.50 | 5.33% above
📈 52W High: ₹2728.55 | 21.92% below
--------------------------------------------------
2026-04-13 12:31:02,719 - INFO - 
Oil and Natural Gas Corporation Limited (ONGC.NS)
Price: ₹286.00

📉 26W Low: ₹223.35 | 28.05% above
📈 26W High: ₹293.00 | 2.39% below

📉 52W Low: ₹216.72 | 31.97% above
📈 52W High: ₹293.00 | 2.39% below
--------------------------------------------------
2026-04-13 12:31:06,105 - INFO - 
Eicher Motors Limited (EICHERMOT.NS)
Price: ₹7123.00

📉 26W Low: ₹6442.00 | 10.57% above
📈 26W High: ₹8230.00 | 13.45% below

📉 52W Low: ₹5152.69 | 38.24% above
📈 52W High: ₹8230.00 | 13.45% below
--------------------------------------------------
2026-04-13 12:31:09,566 - INFO - 
UPL Limited (UPL.NS)
Price: ₹637.40

📉 26W Low: ₹565.15 | 12.78% above
📈 26W High: ₹812.20 | 21.52% below

📉 52W Low: ₹565.15 | 12.78% above
📈 52W High: ₹812.20 | 21.52% below
--------------------------------------------------
2026-04-13 12:31:12,725 - INFO - 
Bharat Petroleum Corporation Limited (BPCL.NS)
Price: ₹292.25

📉 26W Low: ₹266.60 | 9.62% above
📈 26W High: ₹391.65 | 25.38% below

📉 52W Low: ₹266.60 | 9.62% above
📈 52W High: ₹391.65 | 25.38% below
--------------------------------------------------
2026-04-13 12:31:16,239 - INFO - 
ITC Limited (ITC.NS)
Price: ₹299.90

📉 26W Low: ₹287.00 | 4.49% above
📈 26W High: ₹417.65 | 28.19% below

📉 52W Low: ₹287.00 | 4.49% above
📈 52W High: ₹427.21 | 29.80% below
--------------------------------------------------
2026-04-13 12:31:19,503 - INFO - 
Reliance Industries Limited (RELIANCE.NS)
Price: ₹1313.60

📉 26W Low: ₹1290.00 | 1.83% above
📈 26W High: ₹1611.80 | 18.50% below

📉 52W Low: ₹1222.72 | 7.43% above
📈 52W High: ₹1611.80 | 18.50% below
--------------------------------------------------
2026-04-13 12:31:19,897 - INFO - -- BEGIN Twilio API Request --
2026-04-13 12:31:19,899 - INFO - POST Request: https://api.twilio.com/2010-04-01/Accounts/AC59b803e74c7c459ccc027d48a2425cd3/Messages.json
2026-04-13 12:31:19,900 - INFO - Headers:
2026-04-13 12:31:19,900 - INFO - Content-Type : application/x-www-form-urlencoded
2026-04-13 12:31:19,900 - INFO - Accept : application/json
2026-04-13 12:31:19,900 - INFO - User-Agent : twilio-python/9.10.4 (Windows AMD64) Python/3.10.0
2026-04-13 12:31:19,900 - INFO - X-Twilio-Client : python-9.10.4
2026-04-13 12:31:19,900 - INFO - Accept-Charset : utf-8
2026-04-13 12:31:19,900 - INFO - -- END Twilio API Request --
2026-04-13 12:31:20,373 - INFO - Response Status Code: 201
2026-04-13 12:31:20,375 - INFO - Response Headers: {'Content-Type': 'application/json;charset=utf-8', 'Content-Length': '1024', 'Connection': 'keep-alive', 'Date': 'Mon, 13 Apr 2026 07:01:20 GMT', 'Twilio-Concurrent-Requests': '1', 'Twilio-Request-Id': 'RQ0b7ad0c17c2b8c7ff7744fce8ac56492', 'Twilio-Request-Duration': '0.144', 'X-Home-Region': 'us1', 'X-API-Domain': 'api.twilio.com', 'Strict-Transport-Security': 'max-age=31536000', 'X-Cache': 'Miss from cloudfront', 'Via': '1.1 e84e3d2180ad6d18a31ea765a099b5b4.cloudfront.net (CloudFront)', 'X-Amz-Cf-Pop': 'DEL54-P3', 'X-Amz-Cf-Id': 'It2GrA4NBzZTA2p3AETE0nwC-3jQOors-g6zfRFVBAkFonuJM6wqQw==', 'X-Powered-By': 'AT-5000', 'X-Shenanigans': 'none', 'Vary': 'Origin'}
2026-04-13 12:31:20,375 - INFO - WhatsApp sent: SM0b7ad0c17c2b8c7ff7744fce8ac56492
2026-04-13 12:31:23,695 - INFO - 
HCL Technologies Limited (HCLTECH.NS)
Price: ₹1424.40

📉 26W Low: ₹1297.70 | 9.76% above
📈 26W High: ₹1780.10 | 19.98% below

📉 52W Low: ₹1297.70 | 9.76% above
📈 52W High: ₹1780.10 | 19.98% below
--------------------------------------------------
2026-04-13 12:31:26,880 - INFO - 
Tata Consultancy Services Limited (TCS.NS)
Price: ₹2483.50

📉 26W Low: ₹2346.20 | 5.85% above
📈 26W High: ₹3350.00 | 25.87% below

📉 52W Low: ₹2346.20 | 5.85% above
📈 52W High: ₹3509.22 | 29.23% below
--------------------------------------------------
2026-04-13 12:31:30,783 - INFO - 
Hindalco Industries Limited (HINDALCO.NS)
Price: ₹979.40

📉 26W Low: ₹754.45 | 29.82% above
📈 26W High: ₹1029.80 | 4.89% below

📉 52W Low: ₹597.62 | 63.88% above
📈 52W High: ₹1029.80 | 4.89% below
--------------------------------------------------
2026-04-13 12:31:34,398 - INFO - 
Bajaj Finserv Ltd. (BAJAJFINSV.NS)
Price: ₹1777.60

📉 26W Low: ₹1597.00 | 11.31% above
📈 26W High: ₹2195.00 | 19.02% below

📉 52W Low: ₹1597.00 | 11.31% above
📈 52W High: ₹2195.00 | 19.02% below
--------------------------------------------------
2026-04-13 12:31:37,608 - INFO - 
JSW Steel Limited (JSWSTEEL.NS)
Price: ₹1209.60

📉 26W Low: ₹1073.20 | 12.71% above
📈 26W High: ₹1284.70 | 5.85% below

📉 52W Low: ₹932.49 | 29.72% above
📈 52W High: ₹1284.70 | 5.85% below
--------------------------------------------------
2026-04-13 12:31:40,722 - INFO - 
Tech Mahindra Limited (TECHM.NS)
Price: ₹1434.40

📉 26W Low: ₹1304.10 | 9.99% above
📈 26W High: ₹1854.00 | 22.63% below

📉 52W Low: ₹1240.02 | 15.68% above
📈 52W High: ₹1854.00 | 22.63% below
--------------------------------------------------
2026-04-13 12:31:43,952 - INFO - 
SBI Cards and Payment Services Limited (SBICARD.NS)
Price: ₹668.50

📉 26W Low: ₹615.50 | 8.61% above
📈 26W High: ₹961.63 | 30.48% below

📉 52W Low: ₹615.50 | 8.61% above
📈 52W High: ₹1023.66 | 34.70% below
--------------------------------------------------
2026-04-13 12:31:47,030 - INFO - 
Coal India Limited (COALINDIA.NS)
Price: ₹434.85

📉 26W Low: ₹364.48 | 19.31% above
📈 26W High: ₹476.00 | 8.64% below

📉 52W Low: ₹345.88 | 25.72% above
📈 52W High: ₹476.00 | 8.64% below
--------------------------------------------------
2026-04-13 12:31:50,258 - INFO - 
Nestlé India Limited (NESTLEIND.NS)
Price: ₹1224.90

📉 26W Low: ₹1159.40 | 5.65% above
📈 26W High: ₹1334.80 | 8.23% below

📉 52W Low: ₹1078.87 | 13.53% above
📈 52W High: ₹1334.80 | 8.23% below
--------------------------------------------------
2026-04-13 12:31:53,648 - INFO - 
Apollo Hospitals Enterprise Limited (APOLLOHOSP.NS)
Price: ₹7536.00

📉 26W Low: ₹6687.62 | 12.69% above
📈 26W High: ₹8088.76 | 6.83% below

📉 52W Low: ₹6660.12 | 13.15% above
📈 52W High: ₹8088.76 | 6.83% below
--------------------------------------------------
2026-04-13 12:31:56,974 - INFO - 
Asian Paints Limited (ASIANPAINT.NS)
Price: ₹2344.00

📉 26W Low: ₹2115.00 | 10.83% above
📈 26W High: ₹2985.70 | 21.49% below

📉 52W Low: ₹2115.00 | 10.83% above
📈 52W High: ₹2985.70 | 21.49% below
--------------------------------------------------
2026-04-13 12:32:00,218 - INFO - 
HDFC Bank Limited (HDFCBANK.NS)
Price: ₹793.75

📉 26W Low: ₹726.65 | 9.23% above
📈 26W High: ₹1020.50 | 22.22% below

📉 52W Low: ₹726.65 | 9.23% above
📈 52W High: ₹1020.50 | 22.22% below
--------------------------------------------------
2026-04-13 12:32:03,571 - INFO - 
Axis Bank Limited (AXISBANK.NS)
Price: ₹1352.00

📉 26W Low: ₹1150.30 | 17.53% above
📈 26W High: ₹1418.30 | 4.67% below

📉 52W Low: ₹1042.50 | 29.69% above
📈 52W High: ₹1418.30 | 4.67% below
--------------------------------------------------
2026-04-13 12:32:07,124 - INFO - 
Grasim Industries Limited (GRASIM.NS)
Price: ₹2728.50

📉 26W Low: ₹2502.50 | 9.03% above
📈 26W High: ₹2979.00 | 8.41% below

📉 52W Low: ₹2501.90 | 9.06% above
📈 52W High: ₹2979.00 | 8.41% below
--------------------------------------------------
2026-04-13 12:32:10,535 - ERROR - HTTP Error 404: {"quoteSummary":{"result":null,"error":{"code":"Not Found","description":"Quote not found for symbol: TATAMOTORS.NS"}}}
2026-04-13 12:32:12,046 - ERROR - $TATAMOTORS.NS: possibly delisted; no price data found  (period=1d) (Yahoo error = "No data found, symbol may be delisted")
2026-04-13 12:32:15,436 - INFO - 
Titan Company Limited (TITAN.NS)
Price: ₹4471.40

📉 26W Low: ₹3506.50 | 27.52% above
📈 26W High: ₹4523.90 | 1.16% below

📉 52W Low: ₹3201.57 | 39.66% above
📈 52W High: ₹4523.90 | 1.16% below
--------------------------------------------------
2026-04-13 12:32:18,672 - INFO - 
Bharti Airtel Limited (BHARTIARTL.NS)
Price: ₹1890.00

📉 26W Low: ₹1746.90 | 8.19% above
📈 26W High: ₹2174.50 | 13.08% below

📉 52W Low: ₹1746.90 | 8.19% above
📈 52W High: ₹2174.50 | 13.08% below
--------------------------------------------------
2026-04-13 12:32:23,144 - INFO - 
Divi's Laboratories Limited (DIVISLAB.NS)
Price: ₹6068.50

📉 26W Low: ₹5647.50 | 7.45% above
📈 26W High: ₹6904.50 | 12.11% below

📉 52W Low: ₹5570.63 | 8.94% above
📈 52W High: ₹7039.45 | 13.79% below
--------------------------------------------------
2026-04-13 12:32:27,171 - INFO - 
Bajaj Auto Limited (BAJAJ-AUTO.NS)
Price: ₹9820.00

📉 26W Low: ₹8605.00 | 14.12% above
📈 26W High: ₹10187.00 | 3.60% below

📉 52W Low: ₹7423.85 | 32.28% above
📈 52W High: ₹10187.00 | 3.60% below
--------------------------------------------------
2026-04-13 12:32:30,803 - INFO - 
NTPC Limited (NTPC.NS)
Price: ₹386.65

📉 26W Low: ₹313.19 | 23.46% above
📈 26W High: ₹394.50 | 1.99% below

📉 52W Low: ₹313.09 | 23.50% above
📈 52W High: ₹394.50 | 1.99% below
--------------------------------------------------
2026-04-13 12:32:33,993 - INFO - 
SBI Life Insurance Company Limited (SBILIFE.NS)
Price: ₹1925.90

📉 26W Low: ₹1728.10 | 11.45% above
📈 26W High: ₹2129.04 | 9.54% below

📉 52W Low: ₹1522.88 | 26.46% above
📈 52W High: ₹2129.04 | 9.54% below
--------------------------------------------------
2026-04-13 12:32:37,408 - INFO - 
UltraTech Cement Limited (ULTRACEMCO.NS)
Price: ₹11470.00

📉 26W Low: ₹10325.00 | 11.09% above
📈 26W High: ₹13110.00 | 12.51% below

📉 52W Low: ₹10325.00 | 11.09% above
📈 52W High: ₹13110.00 | 12.51% below
--------------------------------------------------
2026-04-13 12:32:40,694 - INFO - 
Britannia Industries Limited (BRITANNIA.NS)
Price: ₹5573.00

📉 26W Low: ₹5351.50 | 4.14% above
📈 26W High: ₹6271.00 | 11.13% below

📉 52W Low: ₹5208.25 | 7.00% above
📈 52W High: ₹6336.00 | 12.04% below
--------------------------------------------------
2026-04-13 12:32:44,280 - INFO - 
Kotak Mahindra Bank Limited (KOTAKBANK.NS)
Price: ₹368.85

📉 26W Low: ₹345.50 | 6.76% above
📈 26W High: ₹453.20 | 18.61% below

📉 52W Low: ₹345.50 | 6.76% above
📈 52W High: ₹459.85 | 19.79% below
--------------------------------------------------
2026-04-13 12:32:47,898 - INFO - 
Mahindra & Mahindra Limited (M&M.NS)
Price: ₹3244.20

📉 26W Low: ₹2896.00 | 12.02% above
📈 26W High: ₹3839.90 | 15.51% below

📉 52W Low: ₹2581.66 | 25.66% above
📈 52W High: ₹3839.90 | 15.51% below
--------------------------------------------------
2026-04-13 12:32:51,454 - INFO - 
Cipla Limited (CIPLA.NS)
Price: ₹1212.10

📉 26W Low: ₹1165.70 | 3.98% above
📈 26W High: ₹1673.00 | 27.55% below

📉 52W Low: ₹1165.70 | 3.98% above
📈 52W High: ₹1673.00 | 27.55% below
--------------------------------------------------
2026-04-13 12:32:54,641 - INFO - 
HDFC Life Insurance Company Limited (HDFCLIFE.NS)
Price: ₹622.35

📉 26W Low: ₹555.10 | 12.11% above
📈 26W High: ₹788.50 | 21.07% below

📉 52W Low: ₹555.10 | 12.11% above
📈 52W High: ₹820.75 | 24.17% below
--------------------------------------------------
2026-04-13 12:32:58,770 - INFO - 
Sun Pharmaceutical Industries Limited (SUNPHARMA.NS)
Price: ₹1657.90

📉 26W Low: ₹1573.48 | 5.37% above
📈 26W High: ₹1843.00 | 10.04% below

📉 52W Low: ₹1538.01 | 7.80% above
📈 52W High: ₹1843.00 | 10.04% below
--------------------------------------------------
2026-04-13 12:33:02,198 - INFO - 
Hero MotoCorp Limited (HEROMOTOCO.NS)
Price: ₹5254.50

📉 26W Low: ₹4904.00 | 7.15% above
📈 26W High: ₹6266.36 | 16.15% below

📉 52W Low: ₹3540.70 | 48.40% above
📈 52W High: ₹6266.36 | 16.15% below
--------------------------------------------------
2026-04-13 12:33:05,886 - INFO - 
IndusInd Bank Limited (INDUSINDBK.NS)
Price: ₹816.75

📉 26W Low: ₹726.30 | 12.45% above
📈 26W High: ₹968.85 | 15.70% below

📉 52W Low: ₹693.05 | 17.85% above
📈 52W High: ₹968.85 | 15.70% below
--------------------------------------------------
2026-04-13 12:33:09,425 - INFO - 
Bajaj Finance Limited (BAJFINANCE.NS)
Price: ₹903.90

📉 26W Low: ₹787.90 | 14.72% above
📈 26W High: ₹1102.50 | 18.01% below

📉 52W Low: ₹787.90 | 14.72% above
📈 52W High: ₹1102.50 | 18.01% below
--------------------------------------------------
2026-04-13 12:33:12,567 - INFO - 
Tata Steel Limited (TATASTEEL.NS)
Price: ₹206.13

📉 26W Low: ₹160.06 | 28.78% above
📈 26W High: ₹216.45 | 4.77% below

📉 52W Low: ₹130.65 | 57.77% above
📈 52W High: ₹216.45 | 4.77% below
--------------------------------------------------
2026-04-13 12:33:16,173 - INFO - 
Wipro Limited (WIPRO.NS)
Price: ₹202.53

📉 26W Low: ₹186.50 | 8.60% above
📈 26W High: ₹266.23 | 23.93% below

📉 52W Low: ₹186.50 | 8.60% above
📈 52W High: ₹266.23 | 23.93% below
--------------------------------------------------
2026-04-13 12:33:19,350 - INFO - 
Shriram Finance Limited (SHRIRAMFIN.NS)
Price: ₹1013.65

📉 26W Low: ₹654.76 | 54.81% above
📈 26W High: ₹1108.00 | 8.52% below

📉 52W Low: ₹563.07 | 80.02% above
📈 52W High: ₹1108.00 | 8.52% below
--------------------------------------------------
2026-04-13 12:33:21,476 - ERROR - $LTIM.NS: possibly delisted; no price data found  (period=1d)
2026-04-13 12:33:24,642 - INFO - 
ICICI Bank Limited (ICICIBANK.NS)
Price: ₹1330.40

📉 26W Low: ₹1187.60 | 12.02% above
📈 26W High: ₹1445.00 | 7.93% below

📉 52W Low: ₹1187.60 | 12.02% above
📈 52W High: ₹1488.51 | 10.62% below
--------------------------------------------------
2026-04-13 12:33:28,358 - INFO - 
Maruti Suzuki India Limited (MARUTI.NS)
Price: ₹13177.00

📉 26W Low: ₹12201.00 | 8.00% above
📈 26W High: ₹17370.00 | 24.14% below

📉 52W Low: ₹11168.12 | 17.99% above
📈 52W High: ₹17370.00 | 24.14% below
--------------------------------------------------
2026-04-13 12:33:31,783 - INFO - 
Dr. Reddy's Laboratories Limited (DRREDDY.NS)
Price: ₹1228.70

📉 26W Low: ₹1148.40 | 6.99% above
📈 26W High: ₹1337.30 | 8.12% below

📉 52W Low: ₹1121.88 | 9.52% above
📈 52W High: ₹1371.00 | 10.38% below
--------------------------------------------------
2026-04-13 12:33:34,930 - INFO - 
Power Grid Corporation of India Limited (POWERGRID.NS)
Price: ₹300.55

📉 26W Low: ₹247.22 | 21.57% above
📈 26W High: ₹311.70 | 3.58% below

📉 52W Low: ₹247.22 | 21.57% above
📈 52W High: ₹311.81 | 3.61% below
--------------------------------------------------
2026-04-13 12:33:36,937 - INFO - 
Next check in 300 seconds...
2026-04-13 12:35:14,998 - INFO - Stopped by user
2026-04-13 12:35:18,841 - INFO - 🚀 Starting Stock Monitor
2026-04-13 12:35:18,843 - INFO - 
============================================================
2026-04-13 12:35:18,843 - INFO - Checking at 2026-04-13 12:35:18
2026-04-13 12:35:18,843 - INFO - ============================================================
2026-04-13 12:35:22,220 - INFO - 
Hindalco Industries Limited (HINDALCO.NS)
Price: ₹979.85

📉 26W Low: ₹754.45 | 29.88% above
📈 26W High: ₹1029.80 | 4.85% below

📉 52W Low: ₹597.62 | 63.96% above
📈 52W High: ₹1029.80 | 4.85% below
--------------------------------------------------
2026-04-13 12:35:26,100 - INFO - 
Tata Consultancy Services Limited (TCS.NS)
Price: ₹2480.00

📉 26W Low: ₹2346.20 | 5.70% above
📈 26W High: ₹3350.00 | 25.97% below

📉 52W Low: ₹2346.20 | 5.70% above
📈 52W High: ₹3509.22 | 29.33% below
--------------------------------------------------
2026-04-13 12:35:29,743 - INFO - 
Sun Pharmaceutical Industries Limited (SUNPHARMA.NS)
Price: ₹1657.00

📉 26W Low: ₹1573.48 | 5.31% above
📈 26W High: ₹1843.00 | 10.09% below

📉 52W Low: ₹1538.01 | 7.74% above
📈 52W High: ₹1843.00 | 10.09% below
--------------------------------------------------
2026-04-13 12:35:33,195 - INFO - 
NTPC Limited (NTPC.NS)
Price: ₹386.75

📉 26W Low: ₹313.19 | 23.49% above
📈 26W High: ₹394.50 | 1.96% below

📉 52W Low: ₹313.09 | 23.53% above
📈 52W High: ₹394.50 | 1.96% below
--------------------------------------------------
2026-04-13 12:35:37,282 - INFO - 
State Bank of India (SBIN.NS)
Price: ₹1056.25

📉 26W Low: ₹872.10 | 21.12% above
📈 26W High: ₹1234.70 | 14.45% below

📉 52W Low: ₹740.63 | 42.62% above
📈 52W High: ₹1234.70 | 14.45% below
--------------------------------------------------
2026-04-13 12:35:40,750 - INFO - 
Hindustan Unilever Limited (HINDUNILVR.NS)
Price: ₹2129.20

📉 26W Low: ₹2022.50 | 5.28% above
📈 26W High: ₹2646.40 | 19.54% below

📉 52W Low: ₹2022.50 | 5.28% above
📈 52W High: ₹2728.55 | 21.97% below
--------------------------------------------------
2026-04-13 12:35:44,693 - INFO - 
Nestlé India Limited (NESTLEIND.NS)
Price: ₹1226.00

📉 26W Low: ₹1159.40 | 5.74% above
📈 26W High: ₹1334.80 | 8.15% below

📉 52W Low: ₹1078.87 | 13.64% above
📈 52W High: ₹1334.80 | 8.15% below
--------------------------------------------------
2026-04-13 12:35:48,331 - INFO - 
Shriram Finance Limited (SHRIRAMFIN.NS)
Price: ₹1014.60

📉 26W Low: ₹654.76 | 54.96% above
📈 26W High: ₹1108.00 | 8.43% below

📉 52W Low: ₹563.07 | 80.19% above
📈 52W High: ₹1108.00 | 8.43% below
--------------------------------------------------
2026-04-13 12:35:51,701 - INFO - 
HDFC Life Insurance Company Limited (HDFCLIFE.NS)
Price: ₹622.35

📉 26W Low: ₹555.10 | 12.11% above
📈 26W High: ₹788.50 | 21.07% below

📉 52W Low: ₹555.10 | 12.11% above
📈 52W High: ₹820.75 | 24.17% below
--------------------------------------------------
2026-04-13 12:35:55,264 - INFO - 
Asian Paints Limited (ASIANPAINT.NS)
Price: ₹2353.90

📉 26W Low: ₹2115.00 | 11.30% above
📈 26W High: ₹2985.70 | 21.16% below

📉 52W Low: ₹2115.00 | 11.30% above
📈 52W High: ₹2985.70 | 21.16% below
--------------------------------------------------
2026-04-13 12:35:58,948 - INFO - 
SBI Cards and Payment Services Limited (SBICARD.NS)
Price: ₹668.55

📉 26W Low: ₹615.50 | 8.62% above
📈 26W High: ₹961.63 | 30.48% below

📉 52W Low: ₹615.50 | 8.62% above
📈 52W High: ₹1023.66 | 34.69% below
--------------------------------------------------
2026-04-13 12:36:02,417 - INFO - 
Eicher Motors Limited (EICHERMOT.NS)
Price: ₹7119.50

📉 26W Low: ₹6442.00 | 10.52% above
📈 26W High: ₹8230.00 | 13.49% below

📉 52W Low: ₹5152.69 | 38.17% above
📈 52W High: ₹8230.00 | 13.49% below
--------------------------------------------------
2026-04-13 12:36:06,404 - INFO - 
Wipro Limited (WIPRO.NS)
Price: ₹202.44

📉 26W Low: ₹186.50 | 8.55% above
📈 26W High: ₹266.23 | 23.96% below

📉 52W Low: ₹186.50 | 8.55% above
📈 52W High: ₹266.23 | 23.96% below
--------------------------------------------------
2026-04-13 12:36:09,836 - INFO - 
UltraTech Cement Limited (ULTRACEMCO.NS)
Price: ₹11463.00

📉 26W Low: ₹10325.00 | 11.02% above
📈 26W High: ₹13110.00 | 12.56% below

📉 52W Low: ₹10325.00 | 11.02% above
📈 52W High: ₹13110.00 | 12.56% below
--------------------------------------------------
2026-04-13 12:36:13,609 - INFO - 
Bharat Petroleum Corporation Limited (BPCL.NS)
Price: ₹291.95

📉 26W Low: ₹266.60 | 9.51% above
📈 26W High: ₹391.65 | 25.46% below

📉 52W Low: ₹266.60 | 9.51% above
📈 52W High: ₹391.65 | 25.46% below
--------------------------------------------------
2026-04-13 12:36:17,444 - INFO - 
Dr. Reddy's Laboratories Limited (DRREDDY.NS)
Price: ₹1228.30

📉 26W Low: ₹1148.40 | 6.96% above
📈 26W High: ₹1337.30 | 8.15% below

📉 52W Low: ₹1121.88 | 9.49% above
📈 52W High: ₹1371.00 | 10.41% below
--------------------------------------------------
2026-04-13 12:36:21,313 - INFO - 
ITC Limited (ITC.NS)
Price: ₹299.75

📉 26W Low: ₹287.00 | 4.44% above
📈 26W High: ₹417.65 | 28.23% below

📉 52W Low: ₹287.00 | 4.44% above
📈 52W High: ₹427.21 | 29.84% below
--------------------------------------------------
2026-04-13 12:36:25,164 - INFO - 
Bajaj Auto Limited (BAJAJ-AUTO.NS)
Price: ₹9821.50

📉 26W Low: ₹8605.00 | 14.14% above
📈 26W High: ₹10187.00 | 3.59% below

📉 52W Low: ₹7423.85 | 32.30% above
📈 52W High: ₹10187.00 | 3.59% below
--------------------------------------------------
2026-04-13 12:36:29,175 - INFO - 
HCL Technologies Limited (HCLTECH.NS)
Price: ₹1422.10

📉 26W Low: ₹1297.70 | 9.59% above
📈 26W High: ₹1780.10 | 20.11% below

📉 52W Low: ₹1297.70 | 9.59% above
📈 52W High: ₹1780.10 | 20.11% below
--------------------------------------------------
2026-04-13 12:36:32,717 - INFO - 
Hero MotoCorp Limited (HEROMOTOCO.NS)
Price: ₹5256.00

📉 26W Low: ₹4904.00 | 7.18% above
📈 26W High: ₹6266.36 | 16.12% below

📉 52W Low: ₹3540.70 | 48.45% above
📈 52W High: ₹6266.36 | 16.12% below
--------------------------------------------------
2026-04-13 12:36:36,181 - INFO - 
Adani Ports and Special Economic Zone Limited (ADANIPORTS.NS)
Price: ₹1470.70

📉 26W Low: ₹1292.00 | 13.83% above
📈 26W High: ₹1584.00 | 7.15% below

📉 52W Low: ₹1173.29 | 25.35% above
📈 52W High: ₹1584.00 | 7.15% below
--------------------------------------------------
2026-04-13 12:36:40,349 - INFO - 
Tech Mahindra Limited (TECHM.NS)
Price: ₹1432.30

📉 26W Low: ₹1304.10 | 9.83% above
📈 26W High: ₹1854.00 | 22.75% below

📉 52W Low: ₹1240.02 | 15.51% above
📈 52W High: ₹1854.00 | 22.75% below
--------------------------------------------------
2026-04-13 12:36:43,884 - INFO - 
IndusInd Bank Limited (INDUSINDBK.NS)
Price: ₹816.15

📉 26W Low: ₹726.30 | 12.37% above
📈 26W High: ₹968.85 | 15.76% below

📉 52W Low: ₹693.05 | 17.76% above
📈 52W High: ₹968.85 | 15.76% below
--------------------------------------------------
2026-04-13 12:36:47,816 - INFO - 
Bajaj Finserv Ltd. (BAJAJFINSV.NS)
Price: ₹1778.10

📉 26W Low: ₹1597.00 | 11.34% above
📈 26W High: ₹2195.00 | 18.99% below

📉 52W Low: ₹1597.00 | 11.34% above
📈 52W High: ₹2195.00 | 18.99% below
--------------------------------------------------
2026-04-13 12:36:51,445 - INFO - 
Axis Bank Limited (AXISBANK.NS)
Price: ₹1351.20

📉 26W Low: ₹1150.30 | 17.46% above
📈 26W High: ₹1418.30 | 4.73% below

📉 52W Low: ₹1042.50 | 29.61% above
📈 52W High: ₹1418.30 | 4.73% below
--------------------------------------------------
2026-04-13 12:36:54,830 - INFO - 
Bharti Airtel Limited (BHARTIARTL.NS)
Price: ₹1889.10

📉 26W Low: ₹1746.90 | 8.14% above
📈 26W High: ₹2174.50 | 13.12% below

📉 52W Low: ₹1746.90 | 8.14% above
📈 52W High: ₹2174.50 | 13.12% below
--------------------------------------------------
2026-04-13 12:36:58,543 - INFO - 
Larsen & Toubro Limited (LT.NS)
Price: ₹3949.00

📉 26W Low: ₹3288.10 | 20.10% above
📈 26W High: ₹4440.00 | 11.06% below

📉 52W Low: ₹3133.18 | 26.04% above
📈 52W High: ₹4440.00 | 11.06% below
--------------------------------------------------
2026-04-13 12:37:02,304 - INFO - 
Apollo Hospitals Enterprise Limited (APOLLOHOSP.NS)
Price: ₹7532.50

📉 26W Low: ₹6687.62 | 12.63% above
📈 26W High: ₹8088.76 | 6.88% below

📉 52W Low: ₹6660.12 | 13.10% above
📈 52W High: ₹8088.76 | 6.88% below
--------------------------------------------------
2026-04-13 12:37:05,984 - INFO - 
Coal India Limited (COALINDIA.NS)
Price: ₹434.55

📉 26W Low: ₹364.48 | 19.23% above
📈 26W High: ₹476.00 | 8.71% below

📉 52W Low: ₹345.88 | 25.64% above
📈 52W High: ₹476.00 | 8.71% below
--------------------------------------------------
2026-04-13 12:37:10,158 - INFO - 
Infosys Limited (INFY.NS)
Price: ₹1273.50

📉 26W Low: ₹1215.10 | 4.81% above
📈 26W High: ₹1728.00 | 26.30% below

📉 52W Low: ₹1215.10 | 4.81% above
📈 52W High: ₹1728.00 | 26.30% below
--------------------------------------------------
2026-04-13 12:37:13,599 - INFO - 
Maruti Suzuki India Limited (MARUTI.NS)
Price: ₹13170.00

📉 26W Low: ₹12201.00 | 7.94% above
📈 26W High: ₹17370.00 | 24.18% below

📉 52W Low: ₹11168.12 | 17.92% above
📈 52W High: ₹17370.00 | 24.18% below
--------------------------------------------------
2026-04-13 12:37:17,922 - ERROR - HTTP Error 404: {"quoteSummary":{"result":null,"error":{"code":"Not Found","description":"Quote not found for symbol: TATAMOTORS.NS"}}}
2026-04-13 12:37:19,201 - ERROR - $TATAMOTORS.NS: possibly delisted; no price data found  (period=1d) (Yahoo error = "No data found, symbol may be delisted")
2026-04-13 12:37:22,865 - INFO - 
UPL Limited (UPL.NS)
Price: ₹638.65

📉 26W Low: ₹565.15 | 13.01% above
📈 26W High: ₹812.20 | 21.37% below

📉 52W Low: ₹565.15 | 13.01% above
📈 52W High: ₹812.20 | 21.37% below
--------------------------------------------------
2026-04-13 12:37:27,195 - INFO - 
Grasim Industries Limited (GRASIM.NS)
Price: ₹2733.10

📉 26W Low: ₹2502.50 | 9.21% above
📈 26W High: ₹2979.00 | 8.25% below

📉 52W Low: ₹2501.90 | 9.24% above
📈 52W High: ₹2979.00 | 8.25% below
--------------------------------------------------
2026-04-13 12:37:30,827 - INFO - 
Reliance Industries Limited (RELIANCE.NS)
Price: ₹1312.00

📉 26W Low: ₹1290.00 | 1.71% above
📈 26W High: ₹1611.80 | 18.60% below

📉 52W Low: ₹1222.72 | 7.30% above
📈 52W High: ₹1611.80 | 18.60% below
--------------------------------------------------
2026-04-13 12:37:31,132 - INFO - -- BEGIN Twilio API Request --
2026-04-13 12:37:31,132 - INFO - POST Request: https://api.twilio.com/2010-04-01/Accounts/AC59b803e74c7c459ccc027d48a2425cd3/Messages.json
2026-04-13 12:37:31,132 - INFO - Headers:
2026-04-13 12:37:31,132 - INFO - Content-Type : application/x-www-form-urlencoded
2026-04-13 12:37:31,132 - INFO - Accept : application/json
2026-04-13 12:37:31,132 - INFO - User-Agent : twilio-python/9.10.4 (Windows AMD64) Python/3.10.0
2026-04-13 12:37:31,132 - INFO - X-Twilio-Client : python-9.10.4
2026-04-13 12:37:31,132 - INFO - Accept-Charset : utf-8
2026-04-13 12:37:31,132 - INFO - -- END Twilio API Request --
2026-04-13 12:37:31,578 - INFO - Response Status Code: 201
2026-04-13 12:37:31,578 - INFO - Response Headers: {'Content-Type': 'application/json;charset=utf-8', 'Content-Length': '1132', 'Connection': 'keep-alive', 'Date': 'Mon, 13 Apr 2026 07:07:31 GMT', 'Twilio-Concurrent-Requests': '1', 'Twilio-Request-Id': 'RQ4ad0e9af9861cd0c27a8116985a22f6b', 'Twilio-Request-Duration': '0.141', 'X-Home-Region': 'us1', 'X-API-Domain': 'api.twilio.com', 'Strict-Transport-Security': 'max-age=31536000', 'X-Cache': 'Miss from cloudfront', 'Via': '1.1 30d6f8dde4b5a27a899bbabad07e3ed2.cloudfront.net (CloudFront)', 'X-Amz-Cf-Pop': 'DEL54-P3', 'X-Amz-Cf-Id': 'aW_ViOlrWSBFEXSUfZQ_Ge4_i3VUCauzNZSOBtpKPQBaRMjAkTFNOA==', 'X-Powered-By': 'AT-5000', 'X-Shenanigans': 'none', 'Vary': 'Origin'}
2026-04-13 12:37:31,578 - INFO - WhatsApp sent: SM4ad0e9af9861cd0c27a8116985a22f6b
2026-04-13 12:37:35,232 - INFO - 
Mahindra & Mahindra Limited (M&M.NS)
Price: ₹3241.90

📉 26W Low: ₹2896.00 | 11.94% above
📈 26W High: ₹3839.90 | 15.57% below

📉 52W Low: ₹2581.66 | 25.57% above
📈 52W High: ₹3839.90 | 15.57% below
--------------------------------------------------
2026-04-13 12:37:39,235 - INFO - 
Power Grid Corporation of India Limited (POWERGRID.NS)
Price: ₹300.20

📉 26W Low: ₹247.22 | 21.43% above
📈 26W High: ₹311.70 | 3.69% below

📉 52W Low: ₹247.22 | 21.43% above
📈 52W High: ₹311.81 | 3.72% below
--------------------------------------------------
2026-04-13 12:37:43,344 - INFO - 
HDFC Bank Limited (HDFCBANK.NS)
Price: ₹793.20

📉 26W Low: ₹726.65 | 9.16% above
📈 26W High: ₹1020.50 | 22.27% below

📉 52W Low: ₹726.65 | 9.16% above
📈 52W High: ₹1020.50 | 22.27% below
--------------------------------------------------
2026-04-13 12:37:46,765 - INFO - 
Titan Company Limited (TITAN.NS)
Price: ₹4483.00

📉 26W Low: ₹3506.50 | 27.85% above
📈 26W High: ₹4523.90 | 0.90% below

📉 52W Low: ₹3201.57 | 40.03% above
📈 52W High: ₹4523.90 | 0.90% below
--------------------------------------------------
2026-04-13 12:37:50,187 - INFO - 
Oil and Natural Gas Corporation Limited (ONGC.NS)
Price: ₹286.40

📉 26W Low: ₹223.35 | 28.23% above
📈 26W High: ₹293.00 | 2.25% below

📉 52W Low: ₹216.72 | 32.15% above
📈 52W High: ₹293.00 | 2.25% below
--------------------------------------------------
2026-04-13 12:37:54,010 - INFO - 
ICICI Bank Limited (ICICIBANK.NS)
Price: ₹1330.40

📉 26W Low: ₹1187.60 | 12.02% above
📈 26W High: ₹1445.00 | 7.93% below

📉 52W Low: ₹1187.60 | 12.02% above
📈 52W High: ₹1488.51 | 10.62% below
--------------------------------------------------
2026-04-13 12:37:58,016 - INFO - 
Bajaj Finance Limited (BAJFINANCE.NS)
Price: ₹903.80

📉 26W Low: ₹787.90 | 14.71% above
📈 26W High: ₹1102.50 | 18.02% below

📉 52W Low: ₹787.90 | 14.71% above
📈 52W High: ₹1102.50 | 18.02% below
--------------------------------------------------
2026-04-13 12:38:01,858 - INFO - 
Cipla Limited (CIPLA.NS)
Price: ₹1211.90

📉 26W Low: ₹1165.70 | 3.96% above
📈 26W High: ₹1673.00 | 27.56% below

📉 52W Low: ₹1165.70 | 3.96% above
📈 52W High: ₹1673.00 | 27.56% below
--------------------------------------------------
2026-04-13 12:38:04,141 - ERROR - $LTIM.NS: possibly delisted; no price data found  (period=1d)
2026-04-13 12:38:07,597 - INFO - 
Adani Enterprises Limited (ADANIENT.NS)
Price: ₹2141.60

📉 26W Low: ₹1753.00 | 22.17% above
📈 26W High: ₹2600.00 | 17.63% below

📉 52W Low: ₹1753.00 | 22.17% above
📈 52W High: ₹2695.00 | 20.53% below
--------------------------------------------------
2026-04-13 12:38:11,184 - INFO - 
Divi's Laboratories Limited (DIVISLAB.NS)
Price: ₹6066.00

📉 26W Low: ₹5647.50 | 7.41% above
📈 26W High: ₹6904.50 | 12.14% below

📉 52W Low: ₹5570.63 | 8.89% above
📈 52W High: ₹7039.45 | 13.83% below
--------------------------------------------------
2026-04-13 12:38:14,578 - INFO - 
SBI Life Insurance Company Limited (SBILIFE.NS)
Price: ₹1924.50

📉 26W Low: ₹1728.10 | 11.37% above
📈 26W High: ₹2129.04 | 9.61% below

📉 52W Low: ₹1522.88 | 26.37% above
📈 52W High: ₹2129.04 | 9.61% below
--------------------------------------------------
2026-04-13 12:38:18,041 - INFO - 
JSW Steel Limited (JSWSTEEL.NS)
Price: ₹1210.10

📉 26W Low: ₹1073.20 | 12.76% above
📈 26W High: ₹1284.70 | 5.81% below

📉 52W Low: ₹932.49 | 29.77% above
📈 52W High: ₹1284.70 | 5.81% below
--------------------------------------------------
2026-04-13 12:38:21,639 - INFO - 
Kotak Mahindra Bank Limited (KOTAKBANK.NS)
Price: ₹368.90

📉 26W Low: ₹345.50 | 6.77% above
📈 26W High: ₹453.20 | 18.60% below

📉 52W Low: ₹345.50 | 6.77% above
📈 52W High: ₹459.85 | 19.78% below
--------------------------------------------------
2026-04-13 12:38:25,409 - INFO - 
Britannia Industries Limited (BRITANNIA.NS)
Price: ₹5572.50

📉 26W Low: ₹5351.50 | 4.13% above
📈 26W High: ₹6271.00 | 11.14% below

📉 52W Low: ₹5208.25 | 6.99% above
📈 52W High: ₹6336.00 | 12.05% below
--------------------------------------------------
2026-04-13 12:38:29,276 - INFO - 
Tata Steel Limited (TATASTEEL.NS)
Price: ₹206.05

📉 26W Low: ₹160.06 | 28.73% above
📈 26W High: ₹216.45 | 4.80% below

📉 52W Low: ₹130.65 | 57.71% above
📈 52W High: ₹216.45 | 4.80% below
--------------------------------------------------
2026-04-13 12:38:31,283 - INFO - 
Next check in 300 seconds...
2026-04-13 12:43:31,309 - INFO - 
============================================================
2026-04-13 12:43:31,311 - INFO - Checking at 2026-04-13 12:43:31
2026-04-13 12:43:31,315 - INFO - ============================================================
2026-04-13 12:43:32,371 - INFO - 
Hindalco Industries Limited (HINDALCO.NS)
Price: ₹978.20

📉 26W Low: ₹754.45 | 29.66% above
📈 26W High: ₹1029.80 | 5.01% below

📉 52W Low: ₹597.62 | 63.68% above
📈 52W High: ₹1029.80 | 5.01% below
--------------------------------------------------
2026-04-13 12:43:35,010 - INFO - 
Tata Consultancy Services Limited (TCS.NS)
Price: ₹2479.40

📉 26W Low: ₹2346.20 | 5.68% above
📈 26W High: ₹3350.00 | 25.99% below

📉 52W Low: ₹2346.20 | 5.68% above
📈 52W High: ₹3509.22 | 29.35% below
--------------------------------------------------
2026-04-13 12:43:37,846 - INFO - 
Sun Pharmaceutical Industries Limited (SUNPHARMA.NS)
Price: ₹1656.00

📉 26W Low: ₹1573.48 | 5.24% above
📈 26W High: ₹1843.00 | 10.15% below

📉 52W Low: ₹1538.01 | 7.67% above
📈 52W High: ₹1843.00 | 10.15% below
--------------------------------------------------
2026-04-13 12:43:40,476 - INFO - 
NTPC Limited (NTPC.NS)
Price: ₹386.45

📉 26W Low: ₹313.19 | 23.39% above
📈 26W High: ₹394.50 | 2.04% below

📉 52W Low: ₹313.09 | 23.43% above
📈 52W High: ₹394.50 | 2.04% below
--------------------------------------------------
2026-04-13 12:43:43,132 - INFO - 
State Bank of India (SBIN.NS)
Price: ₹1056.95

📉 26W Low: ₹872.10 | 21.20% above
📈 26W High: ₹1234.70 | 14.40% below

📉 52W Low: ₹740.63 | 42.71% above
📈 52W High: ₹1234.70 | 14.40% below
--------------------------------------------------
2026-04-13 12:43:45,860 - INFO - 
Hindustan Unilever Limited (HINDUNILVR.NS)
Price: ₹2125.00

📉 26W Low: ₹2022.50 | 5.07% above
📈 26W High: ₹2646.40 | 19.70% below

📉 52W Low: ₹2022.50 | 5.07% above
📈 52W High: ₹2728.55 | 22.12% below
--------------------------------------------------
2026-04-13 12:43:48,462 - INFO - 
Nestlé India Limited (NESTLEIND.NS)
Price: ₹1228.00

📉 26W Low: ₹1159.40 | 5.92% above
📈 26W High: ₹1334.80 | 8.00% below

📉 52W Low: ₹1078.87 | 13.82% above
📈 52W High: ₹1334.80 | 8.00% below
--------------------------------------------------
2026-04-13 12:43:51,186 - INFO - 
Shriram Finance Limited (SHRIRAMFIN.NS)
Price: ₹1011.50

📉 26W Low: ₹654.76 | 54.48% above
📈 26W High: ₹1108.00 | 8.71% below

📉 52W Low: ₹563.07 | 79.64% above
📈 52W High: ₹1108.00 | 8.71% below
--------------------------------------------------
2026-04-13 12:43:53,819 - INFO - 
HDFC Life Insurance Company Limited (HDFCLIFE.NS)
Price: ₹622.25

📉 26W Low: ₹555.10 | 12.10% above
📈 26W High: ₹788.50 | 21.08% below

📉 52W Low: ₹555.10 | 12.10% above
📈 52W High: ₹820.75 | 24.19% below
--------------------------------------------------
2026-04-13 12:43:56,509 - INFO - 
Asian Paints Limited (ASIANPAINT.NS)
Price: ₹2355.50

📉 26W Low: ₹2115.00 | 11.37% above
📈 26W High: ₹2985.70 | 21.11% below

📉 52W Low: ₹2115.00 | 11.37% above
📈 52W High: ₹2985.70 | 21.11% below
--------------------------------------------------
2026-04-13 12:43:59,175 - INFO - 
SBI Cards and Payment Services Limited (SBICARD.NS)
Price: ₹668.00

📉 26W Low: ₹615.50 | 8.53% above
📈 26W High: ₹961.63 | 30.53% below

📉 52W Low: ₹615.50 | 8.53% above
📈 52W High: ₹1023.66 | 34.74% below
--------------------------------------------------
2026-04-13 12:44:01,990 - INFO - 
Eicher Motors Limited (EICHERMOT.NS)
Price: ₹7118.50

📉 26W Low: ₹6442.00 | 10.50% above
📈 26W High: ₹8230.00 | 13.51% below

📉 52W Low: ₹5152.69 | 38.15% above
📈 52W High: ₹8230.00 | 13.51% below
--------------------------------------------------
2026-04-13 12:44:04,765 - INFO - 
Wipro Limited (WIPRO.NS)
Price: ₹202.50

📉 26W Low: ₹186.50 | 8.58% above
📈 26W High: ₹266.23 | 23.94% below

📉 52W Low: ₹186.50 | 8.58% above
📈 52W High: ₹266.23 | 23.94% below
--------------------------------------------------
2026-04-13 12:44:07,528 - INFO - 
UltraTech Cement Limited (ULTRACEMCO.NS)
Price: ₹11454.00

📉 26W Low: ₹10325.00 | 10.93% above
📈 26W High: ₹13110.00 | 12.63% below

📉 52W Low: ₹10325.00 | 10.93% above
📈 52W High: ₹13110.00 | 12.63% below
--------------------------------------------------
2026-04-13 12:44:10,357 - INFO - 
Bharat Petroleum Corporation Limited (BPCL.NS)
Price: ₹292.45

📉 26W Low: ₹266.60 | 9.70% above
📈 26W High: ₹391.65 | 25.33% below

📉 52W Low: ₹266.60 | 9.70% above
📈 52W High: ₹391.65 | 25.33% below
--------------------------------------------------
2026-04-13 12:44:13,031 - INFO - 
Dr. Reddy's Laboratories Limited (DRREDDY.NS)
Price: ₹1229.80

📉 26W Low: ₹1148.40 | 7.09% above
📈 26W High: ₹1337.30 | 8.04% below

📉 52W Low: ₹1121.88 | 9.62% above
📈 52W High: ₹1371.00 | 10.30% below
--------------------------------------------------
2026-04-13 12:44:15,649 - INFO - 
ITC Limited (ITC.NS)
Price: ₹299.60

📉 26W Low: ₹287.00 | 4.39% above
📈 26W High: ₹417.65 | 28.26% below

📉 52W Low: ₹287.00 | 4.39% above
📈 52W High: ₹427.21 | 29.87% below
--------------------------------------------------
2026-04-13 12:44:18,243 - INFO - 
Bajaj Auto Limited (BAJAJ-AUTO.NS)
Price: ₹9825.00

📉 26W Low: ₹8605.00 | 14.18% above
📈 26W High: ₹10187.00 | 3.55% below

📉 52W Low: ₹7423.85 | 32.34% above
📈 52W High: ₹10187.00 | 3.55% below
--------------------------------------------------
2026-04-13 12:44:20,893 - INFO - 
HCL Technologies Limited (HCLTECH.NS)
Price: ₹1422.70

📉 26W Low: ₹1297.70 | 9.63% above
📈 26W High: ₹1780.10 | 20.08% below

📉 52W Low: ₹1297.70 | 9.63% above
📈 52W High: ₹1780.10 | 20.08% below
--------------------------------------------------
2026-04-13 12:44:23,738 - INFO - 
Hero MotoCorp Limited (HEROMOTOCO.NS)
Price: ₹5261.50

📉 26W Low: ₹4904.00 | 7.29% above
📈 26W High: ₹6266.36 | 16.04% below

📉 52W Low: ₹3540.70 | 48.60% above
📈 52W High: ₹6266.36 | 16.04% below
--------------------------------------------------
2026-04-13 12:44:26,548 - INFO - 
Adani Ports and Special Economic Zone Limited (ADANIPORTS.NS)
Price: ₹1471.90

📉 26W Low: ₹1292.00 | 13.92% above
📈 26W High: ₹1584.00 | 7.08% below

📉 52W Low: ₹1173.29 | 25.45% above
📈 52W High: ₹1584.00 | 7.08% below
--------------------------------------------------
2026-04-13 12:44:29,165 - INFO - 
Tech Mahindra Limited (TECHM.NS)
Price: ₹1433.70

📉 26W Low: ₹1304.10 | 9.94% above
📈 26W High: ₹1854.00 | 22.67% below

📉 52W Low: ₹1240.02 | 15.62% above
📈 52W High: ₹1854.00 | 22.67% below
--------------------------------------------------
2026-04-13 12:44:31,818 - INFO - 
IndusInd Bank Limited (INDUSINDBK.NS)
Price: ₹817.40

📉 26W Low: ₹726.30 | 12.54% above
📈 26W High: ₹968.85 | 15.63% below

📉 52W Low: ₹693.05 | 17.94% above
📈 52W High: ₹968.85 | 15.63% below
--------------------------------------------------
2026-04-13 12:44:34,423 - INFO - 
Bajaj Finserv Ltd. (BAJAJFINSV.NS)
Price: ₹1782.50

📉 26W Low: ₹1597.00 | 11.62% above
📈 26W High: ₹2195.00 | 18.79% below

📉 52W Low: ₹1597.00 | 11.62% above
📈 52W High: ₹2195.00 | 18.79% below
--------------------------------------------------
2026-04-13 12:44:37,101 - INFO - 
Axis Bank Limited (AXISBANK.NS)
Price: ₹1355.60

📉 26W Low: ₹1150.30 | 17.85% above
📈 26W High: ₹1418.30 | 4.42% below

📉 52W Low: ₹1042.50 | 30.03% above
📈 52W High: ₹1418.30 | 4.42% below
--------------------------------------------------
2026-04-13 12:44:39,687 - INFO - 
Bharti Airtel Limited (BHARTIARTL.NS)
Price: ₹1889.20

📉 26W Low: ₹1746.90 | 8.15% above
📈 26W High: ₹2174.50 | 13.12% below

📉 52W Low: ₹1746.90 | 8.15% above
📈 52W High: ₹2174.50 | 13.12% below
--------------------------------------------------
2026-04-13 12:44:42,382 - INFO - 
Larsen & Toubro Limited (LT.NS)
Price: ₹3943.00

📉 26W Low: ₹3288.10 | 19.92% above
📈 26W High: ₹4440.00 | 11.19% below

📉 52W Low: ₹3133.18 | 25.85% above
📈 52W High: ₹4440.00 | 11.19% below
--------------------------------------------------
2026-04-13 12:44:45,035 - INFO - 
Apollo Hospitals Enterprise Limited (APOLLOHOSP.NS)
Price: ₹7529.50

📉 26W Low: ₹6687.62 | 12.59% above
📈 26W High: ₹8088.76 | 6.91% below

📉 52W Low: ₹6660.12 | 13.05% above
📈 52W High: ₹8088.76 | 6.91% below
--------------------------------------------------
2026-04-13 12:44:47,641 - INFO - 
Coal India Limited (COALINDIA.NS)
Price: ₹434.90

📉 26W Low: ₹364.48 | 19.32% above
📈 26W High: ₹476.00 | 8.63% below

📉 52W Low: ₹345.88 | 25.74% above
📈 52W High: ₹476.00 | 8.63% below
--------------------------------------------------
2026-04-13 12:44:50,363 - INFO - 
Infosys Limited (INFY.NS)
Price: ₹1273.70

📉 26W Low: ₹1215.10 | 4.82% above
📈 26W High: ₹1728.00 | 26.29% below

📉 52W Low: ₹1215.10 | 4.82% above
📈 52W High: ₹1728.00 | 26.29% below
--------------------------------------------------
2026-04-13 12:44:53,179 - INFO - 
Maruti Suzuki India Limited (MARUTI.NS)
Price: ₹13162.00

📉 26W Low: ₹12201.00 | 7.88% above
📈 26W High: ₹17370.00 | 24.23% below

📉 52W Low: ₹11168.12 | 17.85% above
📈 52W High: ₹17370.00 | 24.23% below
--------------------------------------------------
2026-04-13 12:44:55,717 - ERROR - HTTP Error 404: {"quoteSummary":{"result":null,"error":{"code":"Not Found","description":"Quote not found for symbol: TATAMOTORS.NS"}}}
2026-04-13 12:44:56,690 - ERROR - $TATAMOTORS.NS: possibly delisted; no price data found  (period=1d) (Yahoo error = "No data found, symbol may be delisted")
2026-04-13 12:44:59,284 - INFO - 
UPL Limited (UPL.NS)
Price: ₹638.40

📉 26W Low: ₹565.15 | 12.96% above
📈 26W High: ₹812.20 | 21.40% below

📉 52W Low: ₹565.15 | 12.96% above
📈 52W High: ₹812.20 | 21.40% below
--------------------------------------------------
2026-04-13 12:45:01,950 - INFO - 
Grasim Industries Limited (GRASIM.NS)
Price: ₹2729.60

📉 26W Low: ₹2502.50 | 9.07% above
📈 26W High: ₹2979.00 | 8.37% below

📉 52W Low: ₹2501.90 | 9.10% above
📈 52W High: ₹2979.00 | 8.37% below
--------------------------------------------------
2026-04-13 12:45:04,722 - INFO - 
Reliance Industries Limited (RELIANCE.NS)
Price: ₹1312.60

📉 26W Low: ₹1290.00 | 1.75% above
📈 26W High: ₹1611.80 | 18.56% below

📉 52W Low: ₹1222.72 | 7.35% above
📈 52W High: ₹1611.80 | 18.56% below
--------------------------------------------------
2026-04-13 12:45:07,339 - INFO - 
Mahindra & Mahindra Limited (M&M.NS)
Price: ₹3242.70

📉 26W Low: ₹2896.00 | 11.97% above
📈 26W High: ₹3839.90 | 15.55% below

📉 52W Low: ₹2581.66 | 25.61% above
📈 52W High: ₹3839.90 | 15.55% below
--------------------------------------------------
2026-04-13 12:45:10,092 - INFO - 
Power Grid Corporation of India Limited (POWERGRID.NS)
Price: ₹300.20

📉 26W Low: ₹247.22 | 21.43% above
📈 26W High: ₹311.70 | 3.69% below

📉 52W Low: ₹247.22 | 21.43% above
📈 52W High: ₹311.81 | 3.72% below
--------------------------------------------------
2026-04-13 12:45:12,836 - INFO - 
HDFC Bank Limited (HDFCBANK.NS)
Price: ₹794.30

📉 26W Low: ₹726.65 | 9.31% above
📈 26W High: ₹1020.50 | 22.17% below

📉 52W Low: ₹726.65 | 9.31% above
📈 52W High: ₹1020.50 | 22.17% below
--------------------------------------------------
2026-04-13 12:45:15,441 - INFO - 
Titan Company Limited (TITAN.NS)
Price: ₹4485.00

📉 26W Low: ₹3506.50 | 27.91% above
📈 26W High: ₹4523.90 | 0.86% below

📉 52W Low: ₹3201.57 | 40.09% above
📈 52W High: ₹4523.90 | 0.86% below
--------------------------------------------------
2026-04-13 12:45:18,107 - INFO - 
Oil and Natural Gas Corporation Limited (ONGC.NS)
Price: ₹286.30

📉 26W Low: ₹223.35 | 28.18% above
📈 26W High: ₹293.00 | 2.29% below

📉 52W Low: ₹216.72 | 32.11% above
📈 52W High: ₹293.00 | 2.29% below
--------------------------------------------------
2026-04-13 12:45:20,720 - INFO - 
ICICI Bank Limited (ICICIBANK.NS)
Price: ₹1332.10

📉 26W Low: ₹1187.60 | 12.17% above
📈 26W High: ₹1445.00 | 7.81% below

📉 52W Low: ₹1187.60 | 12.17% above
📈 52W High: ₹1488.51 | 10.51% below
--------------------------------------------------
2026-04-13 12:45:23,462 - INFO - 
Bajaj Finance Limited (BAJFINANCE.NS)
Price: ₹904.35

📉 26W Low: ₹787.90 | 14.78% above
📈 26W High: ₹1102.50 | 17.97% below

📉 52W Low: ₹787.90 | 14.78% above
📈 52W High: ₹1102.50 | 17.97% below
--------------------------------------------------
2026-04-13 12:45:26,263 - INFO - 
Cipla Limited (CIPLA.NS)
Price: ₹1212.60

📉 26W Low: ₹1165.70 | 4.02% above
📈 26W High: ₹1673.00 | 27.52% below

📉 52W Low: ₹1165.70 | 4.02% above
📈 52W High: ₹1673.00 | 27.52% below
--------------------------------------------------
2026-04-13 12:45:28,380 - ERROR - $LTIM.NS: possibly delisted; no price data found  (period=1d)
2026-04-13 12:45:31,058 - INFO - 
Adani Enterprises Limited (ADANIENT.NS)
Price: ₹2142.90

📉 26W Low: ₹1753.00 | 22.24% above
📈 26W High: ₹2600.00 | 17.58% below

📉 52W Low: ₹1753.00 | 22.24% above
📈 52W High: ₹2695.00 | 20.49% below
--------------------------------------------------
2026-04-13 12:45:33,686 - INFO - 
Divi's Laboratories Limited (DIVISLAB.NS)
Price: ₹6069.50

📉 26W Low: ₹5647.50 | 7.47% above
📈 26W High: ₹6904.50 | 12.09% below

📉 52W Low: ₹5570.63 | 8.96% above
📈 52W High: ₹7039.45 | 13.78% below
--------------------------------------------------
2026-04-13 12:45:36,359 - INFO - 
SBI Life Insurance Company Limited (SBILIFE.NS)
Price: ₹1924.20

📉 26W Low: ₹1728.10 | 11.35% above
📈 26W High: ₹2129.04 | 9.62% below

📉 52W Low: ₹1522.88 | 26.35% above
📈 52W High: ₹2129.04 | 9.62% below
--------------------------------------------------
2026-04-13 12:45:38,998 - INFO - 
JSW Steel Limited (JSWSTEEL.NS)
Price: ₹1207.30

📉 26W Low: ₹1073.20 | 12.50% above
📈 26W High: ₹1284.70 | 6.02% below

📉 52W Low: ₹932.49 | 29.47% above
📈 52W High: ₹1284.70 | 6.02% below
--------------------------------------------------
2026-04-13 12:45:41,612 - INFO - 
Kotak Mahindra Bank Limited (KOTAKBANK.NS)
Price: ₹369.40

📉 26W Low: ₹345.50 | 6.92% above
📈 26W High: ₹453.20 | 18.49% below

📉 52W Low: ₹345.50 | 6.92% above
📈 52W High: ₹459.85 | 19.67% below
--------------------------------------------------
2026-04-13 12:45:44,510 - INFO - 
Britannia Industries Limited (BRITANNIA.NS)
Price: ₹5570.00

📉 26W Low: ₹5351.50 | 4.08% above
📈 26W High: ₹6271.00 | 11.18% below

📉 52W Low: ₹5208.25 | 6.95% above
📈 52W High: ₹6336.00 | 12.09% below
--------------------------------------------------
2026-04-13 12:45:47,141 - INFO - 
Tata Steel Limited (TATASTEEL.NS)
Price: ₹205.88

📉 26W Low: ₹160.06 | 28.63% above
📈 26W High: ₹216.45 | 4.88% below

📉 52W Low: ₹130.65 | 57.58% above
📈 52W High: ₹216.45 | 4.88% below
--------------------------------------------------
2026-04-13 12:45:49,145 - INFO - 
Next check in 300 seconds...
2026-04-13 12:50:49,158 - INFO - 
============================================================
2026-04-13 12:50:49,158 - INFO - Checking at 2026-04-13 12:50:49
2026-04-13 12:50:49,158 - INFO - ============================================================
2026-04-13 12:50:51,896 - INFO - 
Hindalco Industries Limited (HINDALCO.NS)
Price: ₹979.00

📉 26W Low: ₹754.45 | 29.76% above
📈 26W High: ₹1029.80 | 4.93% below

📉 52W Low: ₹597.62 | 63.82% above
📈 52W High: ₹1029.80 | 4.93% below
--------------------------------------------------
2026-04-13 12:50:56,716 - INFO - 
Tata Consultancy Services Limited (TCS.NS)
Price: ₹2477.20

📉 26W Low: ₹2346.20 | 5.58% above
📈 26W High: ₹3350.00 | 26.05% below

📉 52W Low: ₹2346.20 | 5.58% above
📈 52W High: ₹3509.22 | 29.41% below
--------------------------------------------------
2026-04-13 12:51:00,379 - INFO - 
Sun Pharmaceutical Industries Limited (SUNPHARMA.NS)
Price: ₹1660.50

📉 26W Low: ₹1573.48 | 5.53% above
📈 26W High: ₹1843.00 | 9.90% below

📉 52W Low: ₹1538.01 | 7.96% above
📈 52W High: ₹1843.00 | 9.90% below
--------------------------------------------------
2026-04-13 12:51:04,117 - INFO - 
NTPC Limited (NTPC.NS)
Price: ₹386.80

📉 26W Low: ₹313.19 | 23.51% above
📈 26W High: ₹394.50 | 1.95% below

📉 52W Low: ₹313.09 | 23.54% above
📈 52W High: ₹394.50 | 1.95% below
--------------------------------------------------
2026-04-13 12:51:08,202 - INFO - 
State Bank of India (SBIN.NS)
Price: ₹1055.30

📉 26W Low: ₹872.10 | 21.01% above
📈 26W High: ₹1234.70 | 14.53% below

📉 52W Low: ₹740.63 | 42.49% above
📈 52W High: ₹1234.70 | 14.53% below
--------------------------------------------------
2026-04-13 12:51:11,843 - INFO - 
Hindustan Unilever Limited (HINDUNILVR.NS)
Price: ₹2124.60

📉 26W Low: ₹2022.50 | 5.05% above
📈 26W High: ₹2646.40 | 19.72% below

📉 52W Low: ₹2022.50 | 5.05% above
📈 52W High: ₹2728.55 | 22.13% below
--------------------------------------------------
2026-04-13 12:51:15,603 - INFO - 
Nestlé India Limited (NESTLEIND.NS)
Price: ₹1227.90

📉 26W Low: ₹1159.40 | 5.91% above
📈 26W High: ₹1334.80 | 8.01% below

📉 52W Low: ₹1078.87 | 13.81% above
📈 52W High: ₹1334.80 | 8.01% below
--------------------------------------------------
2026-04-13 12:51:19,352 - INFO - 
Shriram Finance Limited (SHRIRAMFIN.NS)
Price: ₹1010.30

📉 26W Low: ₹654.76 | 54.30% above
📈 26W High: ₹1108.00 | 8.82% below

📉 52W Low: ₹563.07 | 79.43% above
📈 52W High: ₹1108.00 | 8.82% below
--------------------------------------------------
2026-04-13 12:51:22,737 - INFO - 
HDFC Life Insurance Company Limited (HDFCLIFE.NS)
Price: ₹621.45

📉 26W Low: ₹555.10 | 11.95% above
📈 26W High: ₹788.50 | 21.19% below

📉 52W Low: ₹555.10 | 11.95% above
📈 52W High: ₹820.75 | 24.28% below
--------------------------------------------------
2026-04-13 12:51:26,246 - INFO - 
Asian Paints Limited (ASIANPAINT.NS)
Price: ₹2355.20

📉 26W Low: ₹2115.00 | 11.36% above
📈 26W High: ₹2985.70 | 21.12% below

📉 52W Low: ₹2115.00 | 11.36% above
📈 52W High: ₹2985.70 | 21.12% below
--------------------------------------------------
2026-04-13 12:51:29,905 - INFO - 
SBI Cards and Payment Services Limited (SBICARD.NS)
Price: ₹668.20

📉 26W Low: ₹615.50 | 8.56% above
📈 26W High: ₹961.63 | 30.51% below

📉 52W Low: ₹615.50 | 8.56% above
📈 52W High: ₹1023.66 | 34.72% below
--------------------------------------------------
2026-04-13 12:51:33,805 - INFO - 
Eicher Motors Limited (EICHERMOT.NS)
Price: ₹7108.50

📉 26W Low: ₹6442.00 | 10.35% above
📈 26W High: ₹8230.00 | 13.63% below

📉 52W Low: ₹5152.69 | 37.96% above
📈 52W High: ₹8230.00 | 13.63% below
--------------------------------------------------
2026-04-13 12:51:37,292 - INFO - 
Wipro Limited (WIPRO.NS)
Price: ₹202.46

📉 26W Low: ₹186.50 | 8.56% above
📈 26W High: ₹266.23 | 23.95% below

📉 52W Low: ₹186.50 | 8.56% above
📈 52W High: ₹266.23 | 23.95% below
--------------------------------------------------
2026-04-13 12:51:41,177 - INFO - 
UltraTech Cement Limited (ULTRACEMCO.NS)
Price: ₹11451.00

📉 26W Low: ₹10325.00 | 10.91% above
📈 26W High: ₹13110.00 | 12.65% below

📉 52W Low: ₹10325.00 | 10.91% above
📈 52W High: ₹13110.00 | 12.65% below
--------------------------------------------------
2026-04-13 12:51:44,727 - INFO - 
Bharat Petroleum Corporation Limited (BPCL.NS)
Price: ₹292.15

📉 26W Low: ₹266.60 | 9.58% above
📈 26W High: ₹391.65 | 25.41% below

📉 52W Low: ₹266.60 | 9.58% above
📈 52W High: ₹391.65 | 25.41% below
--------------------------------------------------
2026-04-13 12:51:48,884 - INFO - 
Dr. Reddy's Laboratories Limited (DRREDDY.NS)
Price: ₹1227.40

📉 26W Low: ₹1148.40 | 6.88% above
📈 26W High: ₹1337.30 | 8.22% below

📉 52W Low: ₹1121.88 | 9.41% above
📈 52W High: ₹1371.00 | 10.47% below
--------------------------------------------------
2026-04-13 12:51:53,326 - INFO - 
ITC Limited (ITC.NS)
Price: ₹299.30

📉 26W Low: ₹287.00 | 4.29% above
📈 26W High: ₹417.65 | 28.34% below

📉 52W Low: ₹287.00 | 4.29% above
📈 52W High: ₹427.21 | 29.94% below
--------------------------------------------------
2026-04-13 12:51:56,929 - INFO - 
Bajaj Auto Limited (BAJAJ-AUTO.NS)
Price: ₹9841.50

📉 26W Low: ₹8605.00 | 14.37% above
📈 26W High: ₹10187.00 | 3.39% below

📉 52W Low: ₹7423.85 | 32.57% above
📈 52W High: ₹10187.00 | 3.39% below
--------------------------------------------------
2026-04-13 12:52:00,841 - INFO - 
HCL Technologies Limited (HCLTECH.NS)
Price: ₹1423.60

📉 26W Low: ₹1297.70 | 9.70% above
📈 26W High: ₹1780.10 | 20.03% below

📉 52W Low: ₹1297.70 | 9.70% above
📈 52W High: ₹1780.10 | 20.03% below
--------------------------------------------------
2026-04-13 12:52:04,609 - INFO - 
Hero MotoCorp Limited (HEROMOTOCO.NS)
Price: ₹5249.50

📉 26W Low: ₹4904.00 | 7.05% above
📈 26W High: ₹6266.36 | 16.23% below

📉 52W Low: ₹3540.70 | 48.26% above
📈 52W High: ₹6266.36 | 16.23% below
--------------------------------------------------
2026-04-13 12:52:08,117 - INFO - 
Adani Ports and Special Economic Zone Limited (ADANIPORTS.NS)
Price: ₹1474.10

📉 26W Low: ₹1292.00 | 14.09% above
📈 26W High: ₹1584.00 | 6.94% below

📉 52W Low: ₹1173.29 | 25.64% above
📈 52W High: ₹1584.00 | 6.94% below
--------------------------------------------------
2026-04-13 12:52:11,495 - INFO - 
Tech Mahindra Limited (TECHM.NS)
Price: ₹1434.20

📉 26W Low: ₹1304.10 | 9.98% above
📈 26W High: ₹1854.00 | 22.64% below

📉 52W Low: ₹1240.02 | 15.66% above
📈 52W High: ₹1854.00 | 22.64% below
--------------------------------------------------
2026-04-13 12:52:14,966 - INFO - 
IndusInd Bank Limited (INDUSINDBK.NS)
Price: ₹817.25

📉 26W Low: ₹726.30 | 12.52% above
📈 26W High: ₹968.85 | 15.65% below

📉 52W Low: ₹693.05 | 17.92% above
📈 52W High: ₹968.85 | 15.65% below
--------------------------------------------------
2026-04-13 12:52:18,752 - INFO - 
Bajaj Finserv Ltd. (BAJAJFINSV.NS)
Price: ₹1780.70

📉 26W Low: ₹1597.00 | 11.50% above
📈 26W High: ₹2195.00 | 18.87% below

📉 52W Low: ₹1597.00 | 11.50% above
📈 52W High: ₹2195.00 | 18.87% below
--------------------------------------------------
2026-04-13 12:52:22,943 - INFO - 
Axis Bank Limited (AXISBANK.NS)
Price: ₹1354.90

📉 26W Low: ₹1150.30 | 17.79% above
📈 26W High: ₹1418.30 | 4.47% below

📉 52W Low: ₹1042.50 | 29.97% above
📈 52W High: ₹1418.30 | 4.47% below
--------------------------------------------------
2026-04-13 12:52:26,534 - INFO - 
Bharti Airtel Limited (BHARTIARTL.NS)
Price: ₹1890.60

📉 26W Low: ₹1746.90 | 8.23% above
📈 26W High: ₹2174.50 | 13.06% below

📉 52W Low: ₹1746.90 | 8.23% above
📈 52W High: ₹2174.50 | 13.06% below
--------------------------------------------------
2026-04-13 12:52:29,926 - INFO - 
Larsen & Toubro Limited (LT.NS)
Price: ₹3940.50

📉 26W Low: ₹3288.10 | 19.84% above
📈 26W High: ₹4440.00 | 11.25% below

📉 52W Low: ₹3133.18 | 25.77% above
📈 52W High: ₹4440.00 | 11.25% below
--------------------------------------------------
2026-04-13 12:52:33,580 - INFO - 
Apollo Hospitals Enterprise Limited (APOLLOHOSP.NS)
Price: ₹7524.00

📉 26W Low: ₹6687.62 | 12.51% above
📈 26W High: ₹8088.76 | 6.98% below

📉 52W Low: ₹6660.12 | 12.97% above
📈 52W High: ₹8088.76 | 6.98% below
--------------------------------------------------
2026-04-13 12:52:37,470 - INFO - 
Coal India Limited (COALINDIA.NS)
Price: ₹435.70

📉 26W Low: ₹364.48 | 19.54% above
📈 26W High: ₹476.00 | 8.47% below

📉 52W Low: ₹345.88 | 25.97% above
📈 52W High: ₹476.00 | 8.47% below
--------------------------------------------------
2026-04-13 12:52:40,915 - INFO - 
Infosys Limited (INFY.NS)
Price: ₹1277.50

📉 26W Low: ₹1215.10 | 5.14% above
📈 26W High: ₹1728.00 | 26.07% below

📉 52W Low: ₹1215.10 | 5.14% above
📈 52W High: ₹1728.00 | 26.07% below
--------------------------------------------------
2026-04-13 12:52:44,452 - INFO - 
Maruti Suzuki India Limited (MARUTI.NS)
Price: ₹13148.00

📉 26W Low: ₹12201.00 | 7.76% above
📈 26W High: ₹17370.00 | 24.31% below

📉 52W Low: ₹11168.12 | 17.73% above
📈 52W High: ₹17370.00 | 24.31% below
--------------------------------------------------
2026-04-13 12:52:47,429 - ERROR - $TATAMOTORS.NS: possibly delisted; no price data found  (period=1d) (Yahoo error = "No data found, symbol may be delisted")
2026-04-13 12:52:50,823 - INFO - 
UPL Limited (UPL.NS)
Price: ₹639.25

📉 26W Low: ₹565.15 | 13.11% above
📈 26W High: ₹812.20 | 21.29% below

📉 52W Low: ₹565.15 | 13.11% above
📈 52W High: ₹812.20 | 21.29% below
--------------------------------------------------
2026-04-13 12:52:54,346 - INFO - 
Grasim Industries Limited (GRASIM.NS)
Price: ₹2729.50

📉 26W Low: ₹2502.50 | 9.07% above
📈 26W High: ₹2979.00 | 8.38% below

📉 52W Low: ₹2501.90 | 9.10% above
📈 52W High: ₹2979.00 | 8.38% below
--------------------------------------------------
2026-04-13 12:52:57,984 - INFO - 
Reliance Industries Limited (RELIANCE.NS)
Price: ₹1313.90

📉 26W Low: ₹1290.00 | 1.85% above
📈 26W High: ₹1611.80 | 18.48% below

📉 52W Low: ₹1222.72 | 7.46% above
📈 52W High: ₹1611.80 | 18.48% below
--------------------------------------------------
2026-04-13 12:53:01,500 - INFO - 
Mahindra & Mahindra Limited (M&M.NS)
Price: ₹3238.80

📉 26W Low: ₹2896.00 | 11.84% above
📈 26W High: ₹3839.90 | 15.65% below

📉 52W Low: ₹2581.66 | 25.45% above
📈 52W High: ₹3839.90 | 15.65% below
--------------------------------------------------
2026-04-13 12:53:04,941 - INFO - 
Power Grid Corporation of India Limited (POWERGRID.NS)
Price: ₹300.90

📉 26W Low: ₹247.22 | 21.71% above
📈 26W High: ₹311.70 | 3.46% below

📉 52W Low: ₹247.22 | 21.71% above
📈 52W High: ₹311.81 | 3.50% below
--------------------------------------------------
2026-04-13 12:53:09,097 - INFO - 
HDFC Bank Limited (HDFCBANK.NS)
Price: ₹794.50

📉 26W Low: ₹726.65 | 9.34% above
📈 26W High: ₹1020.50 | 22.15% below

📉 52W Low: ₹726.65 | 9.34% above
📈 52W High: ₹1020.50 | 22.15% below
--------------------------------------------------
2026-04-13 12:53:12,644 - INFO - 
Titan Company Limited (TITAN.NS)
Price: ₹4479.90

📉 26W Low: ₹3506.50 | 27.76% above
📈 26W High: ₹4523.90 | 0.97% below

📉 52W Low: ₹3201.57 | 39.93% above
📈 52W High: ₹4523.90 | 0.97% below
--------------------------------------------------
2026-04-13 12:53:16,155 - INFO - 
Oil and Natural Gas Corporation Limited (ONGC.NS)
Price: ₹285.95

📉 26W Low: ₹223.35 | 28.03% above
📈 26W High: ₹293.00 | 2.41% below

📉 52W Low: ₹216.72 | 31.94% above
📈 52W High: ₹293.00 | 2.41% below
--------------------------------------------------
2026-04-13 12:53:19,625 - INFO - 
ICICI Bank Limited (ICICIBANK.NS)
Price: ₹1336.10

📉 26W Low: ₹1187.60 | 12.50% above
📈 26W High: ₹1445.00 | 7.54% below

📉 52W Low: ₹1187.60 | 12.50% above
📈 52W High: ₹1488.51 | 10.24% below
--------------------------------------------------
2026-04-13 12:53:23,360 - INFO - 
Bajaj Finance Limited (BAJFINANCE.NS)
Price: ₹902.45

📉 26W Low: ₹787.90 | 14.54% above
📈 26W High: ₹1102.50 | 18.15% below

📉 52W Low: ₹787.90 | 14.54% above
📈 52W High: ₹1102.50 | 18.15% below
--------------------------------------------------
2026-04-13 12:53:27,188 - INFO - 
Cipla Limited (CIPLA.NS)
Price: ₹1211.20

📉 26W Low: ₹1165.70 | 3.90% above
📈 26W High: ₹1673.00 | 27.60% below

📉 52W Low: ₹1165.70 | 3.90% above
📈 52W High: ₹1673.00 | 27.60% below
--------------------------------------------------
2026-04-13 12:53:29,498 - ERROR - $LTIM.NS: possibly delisted; no price data found  (period=1d)
2026-04-13 12:53:33,540 - INFO - 
Adani Enterprises Limited (ADANIENT.NS)
Price: ₹2138.40

📉 26W Low: ₹1753.00 | 21.99% above
📈 26W High: ₹2600.00 | 17.75% below

📉 52W Low: ₹1753.00 | 21.99% above
📈 52W High: ₹2695.00 | 20.65% below
--------------------------------------------------
2026-04-13 12:53:36,951 - INFO - 
Divi's Laboratories Limited (DIVISLAB.NS)
Price: ₹6068.50

📉 26W Low: ₹5647.50 | 7.45% above
📈 26W High: ₹6904.50 | 12.11% below

📉 52W Low: ₹5570.63 | 8.94% above
📈 52W High: ₹7039.45 | 13.79% below
--------------------------------------------------
2026-04-13 12:53:40,295 - INFO - 
SBI Life Insurance Company Limited (SBILIFE.NS)
Price: ₹1922.20

📉 26W Low: ₹1728.10 | 11.23% above
📈 26W High: ₹2129.04 | 9.72% below

📉 52W Low: ₹1522.88 | 26.22% above
📈 52W High: ₹2129.04 | 9.72% below
--------------------------------------------------
2026-04-13 12:53:43,887 - INFO - 
JSW Steel Limited (JSWSTEEL.NS)
Price: ₹1207.80

📉 26W Low: ₹1073.20 | 12.54% above
📈 26W High: ₹1284.70 | 5.99% below

📉 52W Low: ₹932.49 | 29.52% above
📈 52W High: ₹1284.70 | 5.99% below
--------------------------------------------------
2026-04-13 12:53:47,900 - INFO - 
Kotak Mahindra Bank Limited (KOTAKBANK.NS)
Price: ₹369.35

📉 26W Low: ₹345.50 | 6.90% above
📈 26W High: ₹453.20 | 18.50% below

📉 52W Low: ₹345.50 | 6.90% above
📈 52W High: ₹459.85 | 19.68% below
--------------------------------------------------
2026-04-13 12:53:51,778 - INFO - 
Britannia Industries Limited (BRITANNIA.NS)
Price: ₹5572.50

📉 26W Low: ₹5351.50 | 4.13% above
📈 26W High: ₹6271.00 | 11.14% below

📉 52W Low: ₹5208.25 | 6.99% above
📈 52W High: ₹6336.00 | 12.05% below
--------------------------------------------------
2026-04-13 12:53:55,612 - INFO - 
Tata Steel Limited (TATASTEEL.NS)
Price: ₹205.58

📉 26W Low: ₹160.06 | 28.44% above
📈 26W High: ₹216.45 | 5.02% below

📉 52W Low: ₹130.65 | 57.35% above
📈 52W High: ₹216.45 | 5.02% below
--------------------------------------------------
2026-04-13 12:53:57,619 - INFO - 
Next check in 300 seconds...
2026-04-13 12:54:30,975 - INFO - Stopped by user
2026-04-13 12:54:34,780 - INFO - 🚀 Starting Stock Monitor
2026-04-13 12:54:34,780 - INFO - 
============================================================
2026-04-13 12:54:34,780 - INFO - Checking at 2026-04-13 12:54:34
2026-04-13 12:54:34,780 - INFO - ============================================================
2026-04-13 12:54:39,563 - INFO - 
JSW Steel Limited (JSWSTEEL.NS)
Price: ₹1207.80

📉 26W Low: ₹1073.20 | 12.54% above
📈 26W High: ₹1284.70 | 5.99% below

📉 52W Low: ₹932.49 | 29.52% above
📈 52W High: ₹1284.70 | 5.99% below
--------------------------------------------------
2026-04-13 12:54:43,496 - INFO - 
Grasim Industries Limited (GRASIM.NS)
Price: ₹2728.20

📉 26W Low: ₹2502.50 | 9.02% above
📈 26W High: ₹2979.00 | 8.42% below

📉 52W Low: ₹2501.90 | 9.05% above
📈 52W High: ₹2979.00 | 8.42% below
--------------------------------------------------
2026-04-13 12:54:47,368 - INFO - 
Infosys Limited (INFY.NS)
Price: ₹1274.30

📉 26W Low: ₹1215.10 | 4.87% above
📈 26W High: ₹1728.00 | 26.26% below

📉 52W Low: ₹1215.10 | 4.87% above
📈 52W High: ₹1728.00 | 26.26% below
--------------------------------------------------
2026-04-13 12:54:51,323 - INFO - 
Wipro Limited (WIPRO.NS)
Price: ₹202.50

📉 26W Low: ₹186.50 | 8.58% above
📈 26W High: ₹266.23 | 23.94% below

📉 52W Low: ₹186.50 | 8.58% above
📈 52W High: ₹266.23 | 23.94% below
--------------------------------------------------
2026-04-13 12:54:55,217 - INFO - 
Kotak Mahindra Bank Limited (KOTAKBANK.NS)
Price: ₹369.30

📉 26W Low: ₹345.50 | 6.89% above
📈 26W High: ₹453.20 | 18.51% below

📉 52W Low: ₹345.50 | 6.89% above
📈 52W High: ₹459.85 | 19.69% below
--------------------------------------------------
2026-04-13 12:54:58,798 - INFO - 
Bharti Airtel Limited (BHARTIARTL.NS)
Price: ₹1890.00

📉 26W Low: ₹1746.90 | 8.19% above
📈 26W High: ₹2174.50 | 13.08% below

📉 52W Low: ₹1746.90 | 8.19% above
📈 52W High: ₹2174.50 | 13.08% below
--------------------------------------------------
2026-04-13 12:55:02,326 - INFO - 
HCL Technologies Limited (HCLTECH.NS)
Price: ₹1422.30

📉 26W Low: ₹1297.70 | 9.60% above
📈 26W High: ₹1780.10 | 20.10% below

📉 52W Low: ₹1297.70 | 9.60% above
📈 52W High: ₹1780.10 | 20.10% below
--------------------------------------------------
2026-04-13 12:55:06,460 - INFO - 
Sun Pharmaceutical Industries Limited (SUNPHARMA.NS)
Price: ₹1658.40

📉 26W Low: ₹1573.48 | 5.40% above
📈 26W High: ₹1843.00 | 10.02% below

📉 52W Low: ₹1538.01 | 7.83% above
📈 52W High: ₹1843.00 | 10.02% below
--------------------------------------------------
2026-04-13 12:55:09,097 - ERROR - $LTIM.NS: possibly delisted; no price data found  (period=1d)
2026-04-13 12:55:12,851 - INFO - 
Hero MotoCorp Limited (HEROMOTOCO.NS)
Price: ₹5253.50

📉 26W Low: ₹4904.00 | 7.13% above
📈 26W High: ₹6266.36 | 16.16% below

📉 52W Low: ₹3540.70 | 48.37% above
📈 52W High: ₹6266.36 | 16.16% below
--------------------------------------------------
2026-04-13 12:55:16,719 - INFO - 
State Bank of India (SBIN.NS)
Price: ₹1055.60

📉 26W Low: ₹872.10 | 21.04% above
📈 26W High: ₹1234.70 | 14.51% below

📉 52W Low: ₹740.63 | 42.53% above
📈 52W High: ₹1234.70 | 14.51% below
--------------------------------------------------
2026-04-13 12:55:20,247 - INFO - 
Apollo Hospitals Enterprise Limited (APOLLOHOSP.NS)
Price: ₹7520.50

📉 26W Low: ₹6687.62 | 12.45% above
📈 26W High: ₹8088.76 | 7.03% below

📉 52W Low: ₹6660.12 | 12.92% above
📈 52W High: ₹8088.76 | 7.03% below
--------------------------------------------------
2026-04-13 12:55:26,177 - INFO - 
Titan Company Limited (TITAN.NS)
Price: ₹4479.90

📉 26W Low: ₹3506.50 | 27.76% above
📈 26W High: ₹4523.90 | 0.97% below

📉 52W Low: ₹3201.57 | 39.93% above
📈 52W High: ₹4523.90 | 0.97% below
--------------------------------------------------
2026-04-13 12:55:29,872 - INFO - 
Bajaj Finance Limited (BAJFINANCE.NS)
Price: ₹902.35

📉 26W Low: ₹787.90 | 14.53% above
📈 26W High: ₹1102.50 | 18.15% below

📉 52W Low: ₹787.90 | 14.53% above
📈 52W High: ₹1102.50 | 18.15% below
--------------------------------------------------
2026-04-13 12:55:33,611 - INFO - 
Dr. Reddy's Laboratories Limited (DRREDDY.NS)
Price: ₹1227.30

📉 26W Low: ₹1148.40 | 6.87% above
📈 26W High: ₹1337.30 | 8.23% below

📉 52W Low: ₹1121.88 | 9.40% above
📈 52W High: ₹1371.00 | 10.48% below
--------------------------------------------------
2026-04-13 12:55:37,497 - INFO - 
Nestlé India Limited (NESTLEIND.NS)
Price: ₹1226.60

📉 26W Low: ₹1159.40 | 5.80% above
📈 26W High: ₹1334.80 | 8.11% below

📉 52W Low: ₹1078.87 | 13.69% above
📈 52W High: ₹1334.80 | 8.11% below
--------------------------------------------------
2026-04-13 12:55:40,958 - INFO - 
SBI Life Insurance Company Limited (SBILIFE.NS)
Price: ₹1922.20

📉 26W Low: ₹1728.10 | 11.23% above
📈 26W High: ₹2129.04 | 9.72% below

📉 52W Low: ₹1522.88 | 26.22% above
📈 52W High: ₹2129.04 | 9.72% below
--------------------------------------------------
2026-04-13 12:55:45,158 - INFO - 
Tata Consultancy Services Limited (TCS.NS)
Price: ₹2476.80

📉 26W Low: ₹2346.20 | 5.57% above
📈 26W High: ₹3350.00 | 26.07% below

📉 52W Low: ₹2346.20 | 5.57% above
📈 52W High: ₹3509.22 | 29.42% below
--------------------------------------------------
2026-04-13 12:55:48,961 - INFO - 
Divi's Laboratories Limited (DIVISLAB.NS)
Price: ₹6069.50

📉 26W Low: ₹5647.50 | 7.47% above
📈 26W High: ₹6904.50 | 12.09% below

📉 52W Low: ₹5570.63 | 8.96% above
📈 52W High: ₹7039.45 | 13.78% below
--------------------------------------------------
2026-04-13 12:55:52,868 - INFO - 
UltraTech Cement Limited (ULTRACEMCO.NS)
Price: ₹11452.00

📉 26W Low: ₹10325.00 | 10.92% above
📈 26W High: ₹13110.00 | 12.65% below

📉 52W Low: ₹10325.00 | 10.92% above
📈 52W High: ₹13110.00 | 12.65% below
--------------------------------------------------
2026-04-13 12:55:57,020 - ERROR - HTTP Error 404: {"quoteSummary":{"result":null,"error":{"code":"Not Found","description":"Quote not found for symbol: TATAMOTORS.NS"}}}
2026-04-13 12:55:58,581 - ERROR - $TATAMOTORS.NS: possibly delisted; no price data found  (period=1d) (Yahoo error = "No data found, symbol may be delisted")
2026-04-13 12:56:02,564 - INFO - 
Hindalco Industries Limited (HINDALCO.NS)
Price: ₹978.50

📉 26W Low: ₹754.45 | 29.70% above
📈 26W High: ₹1029.80 | 4.98% below

📉 52W Low: ₹597.62 | 63.73% above
📈 52W High: ₹1029.80 | 4.98% below
--------------------------------------------------
2026-04-13 12:56:06,079 - INFO - 
UPL Limited (UPL.NS)
Price: ₹639.20

📉 26W Low: ₹565.15 | 13.10% above
📈 26W High: ₹812.20 | 21.30% below

📉 52W Low: ₹565.15 | 13.10% above
📈 52W High: ₹812.20 | 21.30% below
--------------------------------------------------
2026-04-13 12:56:09,801 - INFO - 
Bajaj Auto Limited (BAJAJ-AUTO.NS)
Price: ₹9840.00

📉 26W Low: ₹8605.00 | 14.35% above
📈 26W High: ₹10187.00 | 3.41% below

📉 52W Low: ₹7423.85 | 32.55% above
📈 52W High: ₹10187.00 | 3.41% below
--------------------------------------------------
2026-04-13 12:56:13,425 - INFO - 
IndusInd Bank Limited (INDUSINDBK.NS)
Price: ₹816.85

📉 26W Low: ₹726.30 | 12.47% above
📈 26W High: ₹968.85 | 15.69% below

📉 52W Low: ₹693.05 | 17.86% above
📈 52W High: ₹968.85 | 15.69% below
--------------------------------------------------
2026-04-13 12:56:16,986 - INFO - 
Eicher Motors Limited (EICHERMOT.NS)
Price: ₹7110.50

📉 26W Low: ₹6442.00 | 10.38% above
📈 26W High: ₹8230.00 | 13.60% below

📉 52W Low: ₹5152.69 | 38.00% above
📈 52W High: ₹8230.00 | 13.60% below
--------------------------------------------------
2026-04-13 12:56:20,499 - INFO - 
Britannia Industries Limited (BRITANNIA.NS)
Price: ₹5575.00

📉 26W Low: ₹5351.50 | 4.18% above
📈 26W High: ₹6271.00 | 11.10% below

📉 52W Low: ₹5208.25 | 7.04% above
📈 52W High: ₹6336.00 | 12.01% below
--------------------------------------------------
2026-04-13 12:56:24,083 - INFO - 
Bharat Petroleum Corporation Limited (BPCL.NS)
Price: ₹292.15

📉 26W Low: ₹266.60 | 9.58% above
📈 26W High: ₹391.65 | 25.41% below

📉 52W Low: ₹266.60 | 9.58% above
📈 52W High: ₹391.65 | 25.41% below
--------------------------------------------------
2026-04-13 12:56:27,621 - INFO - 
Oil and Natural Gas Corporation Limited (ONGC.NS)
Price: ₹285.60

📉 26W Low: ₹223.35 | 27.87% above
📈 26W High: ₹293.00 | 2.53% below

📉 52W Low: ₹216.72 | 31.78% above
📈 52W High: ₹293.00 | 2.53% below
--------------------------------------------------
2026-04-13 12:56:31,508 - INFO - 
Shriram Finance Limited (SHRIRAMFIN.NS)
Price: ₹1010.30

📉 26W Low: ₹654.76 | 54.30% above
📈 26W High: ₹1108.00 | 8.82% below

📉 52W Low: ₹563.07 | 79.43% above
📈 52W High: ₹1108.00 | 8.82% below
--------------------------------------------------
2026-04-13 12:56:34,982 - INFO - 
HDFC Life Insurance Company Limited (HDFCLIFE.NS)
Price: ₹620.45

📉 26W Low: ₹555.10 | 11.77% above
📈 26W High: ₹788.50 | 21.31% below

📉 52W Low: ₹555.10 | 11.77% above
📈 52W High: ₹820.75 | 24.40% below
--------------------------------------------------
2026-04-13 12:56:38,704 - INFO - 
Maruti Suzuki India Limited (MARUTI.NS)
Price: ₹13139.00

📉 26W Low: ₹12201.00 | 7.69% above
📈 26W High: ₹17370.00 | 24.36% below

📉 52W Low: ₹11168.12 | 17.65% above
📈 52W High: ₹17370.00 | 24.36% below
--------------------------------------------------
2026-04-13 12:56:42,263 - INFO - 
Tech Mahindra Limited (TECHM.NS)
Price: ₹1432.90

📉 26W Low: ₹1304.10 | 9.88% above
📈 26W High: ₹1854.00 | 22.71% below

📉 52W Low: ₹1240.02 | 15.55% above
📈 52W High: ₹1854.00 | 22.71% below
--------------------------------------------------
2026-04-13 12:56:45,792 - INFO - 
Adani Enterprises Limited (ADANIENT.NS)
Price: ₹2133.50

📉 26W Low: ₹1753.00 | 21.71% above
📈 26W High: ₹2600.00 | 17.94% below

📉 52W Low: ₹1753.00 | 21.71% above
📈 52W High: ₹2695.00 | 20.83% below
--------------------------------------------------
2026-04-13 12:56:49,368 - INFO - 
Coal India Limited (COALINDIA.NS)
Price: ₹435.00

📉 26W Low: ₹364.48 | 19.35% above
📈 26W High: ₹476.00 | 8.61% below

📉 52W Low: ₹345.88 | 25.77% above
📈 52W High: ₹476.00 | 8.61% below
--------------------------------------------------
2026-04-13 12:56:52,947 - INFO - 
Bajaj Finserv Ltd. (BAJAJFINSV.NS)
Price: ₹1781.40

📉 26W Low: ₹1597.00 | 11.55% above
📈 26W High: ₹2195.00 | 18.84% below

📉 52W Low: ₹1597.00 | 11.55% above
📈 52W High: ₹2195.00 | 18.84% below
--------------------------------------------------
2026-04-13 12:56:56,707 - INFO - 
Cipla Limited (CIPLA.NS)
Price: ₹1210.40

📉 26W Low: ₹1165.70 | 3.83% above
📈 26W High: ₹1673.00 | 27.65% below

📉 52W Low: ₹1165.70 | 3.83% above
📈 52W High: ₹1673.00 | 27.65% below
--------------------------------------------------
2026-04-13 12:57:00,635 - INFO - 
SBI Cards and Payment Services Limited (SBICARD.NS)
Price: ₹668.70

📉 26W Low: ₹615.50 | 8.64% above
📈 26W High: ₹961.63 | 30.46% below

📉 52W Low: ₹615.50 | 8.64% above
📈 52W High: ₹1023.66 | 34.68% below
--------------------------------------------------
2026-04-13 12:57:04,148 - INFO - 
Larsen & Toubro Limited (LT.NS)
Price: ₹3934.80

📉 26W Low: ₹3288.10 | 19.67% above
📈 26W High: ₹4440.00 | 11.38% below

📉 52W Low: ₹3133.18 | 25.58% above
📈 52W High: ₹4440.00 | 11.38% below
--------------------------------------------------
2026-04-13 12:57:07,655 - INFO - 
NTPC Limited (NTPC.NS)
Price: ₹387.40

📉 26W Low: ₹313.19 | 23.70% above
📈 26W High: ₹394.50 | 1.80% below

📉 52W Low: ₹313.09 | 23.74% above
📈 52W High: ₹394.50 | 1.80% below
--------------------------------------------------
2026-04-13 12:57:11,290 - INFO - 
Hindustan Unilever Limited (HINDUNILVR.NS)
Price: ₹2123.00

📉 26W Low: ₹2022.50 | 4.97% above
📈 26W High: ₹2646.40 | 19.78% below

📉 52W Low: ₹2022.50 | 4.97% above
📈 52W High: ₹2728.55 | 22.19% below
--------------------------------------------------
2026-04-13 12:57:15,294 - INFO - 
Asian Paints Limited (ASIANPAINT.NS)
Price: ₹2351.80

📉 26W Low: ₹2115.00 | 11.20% above
📈 26W High: ₹2985.70 | 21.23% below

📉 52W Low: ₹2115.00 | 11.20% above
📈 52W High: ₹2985.70 | 21.23% below
--------------------------------------------------
2026-04-13 12:57:19,289 - INFO - 
ITC Limited (ITC.NS)
Price: ₹299.05

📉 26W Low: ₹287.00 | 4.20% above
📈 26W High: ₹417.65 | 28.40% below

📉 52W Low: ₹287.00 | 4.20% above
📈 52W High: ₹427.21 | 30.00% below
--------------------------------------------------
2026-04-13 12:57:23,189 - INFO - 
ICICI Bank Limited (ICICIBANK.NS)
Price: ₹1330.20

📉 26W Low: ₹1187.60 | 12.01% above
📈 26W High: ₹1445.00 | 7.94% below

📉 52W Low: ₹1187.60 | 12.01% above
📈 52W High: ₹1488.51 | 10.64% below
--------------------------------------------------
2026-04-13 12:57:27,069 - INFO - 
HDFC Bank Limited (HDFCBANK.NS)
Price: ₹791.00

📉 26W Low: ₹726.65 | 8.86% above
📈 26W High: ₹1020.50 | 22.49% below

📉 52W Low: ₹726.65 | 8.86% above
📈 52W High: ₹1020.50 | 22.49% below
--------------------------------------------------
2026-04-13 12:57:30,652 - INFO - 
Axis Bank Limited (AXISBANK.NS)
Price: ₹1350.60

📉 26W Low: ₹1150.30 | 17.41% above
📈 26W High: ₹1418.30 | 4.77% below

📉 52W Low: ₹1042.50 | 29.55% above
📈 52W High: ₹1418.30 | 4.77% below
--------------------------------------------------
2026-04-13 12:57:34,573 - INFO - 
Mahindra & Mahindra Limited (M&M.NS)
Price: ₹3228.60

📉 26W Low: ₹2896.00 | 11.48% above
📈 26W High: ₹3839.90 | 15.92% below

📉 52W Low: ₹2581.66 | 25.06% above
📈 52W High: ₹3839.90 | 15.92% below
--------------------------------------------------
2026-04-13 12:57:38,190 - INFO - 
Power Grid Corporation of India Limited (POWERGRID.NS)
Price: ₹301.50

📉 26W Low: ₹247.22 | 21.95% above
📈 26W High: ₹311.70 | 3.27% below

📉 52W Low: ₹247.22 | 21.95% above
📈 52W High: ₹311.81 | 3.31% below
--------------------------------------------------
2026-04-13 12:57:42,026 - INFO - 
Tata Steel Limited (TATASTEEL.NS)
Price: ₹205.34

📉 26W Low: ₹160.06 | 28.29% above
📈 26W High: ₹216.45 | 5.13% below

📉 52W Low: ₹130.65 | 57.16% above
📈 52W High: ₹216.45 | 5.13% below
--------------------------------------------------
2026-04-13 12:57:45,574 - INFO - 
Adani Ports and Special Economic Zone Limited (ADANIPORTS.NS)
Price: ₹1472.00

📉 26W Low: ₹1292.00 | 13.93% above
📈 26W High: ₹1584.00 | 7.07% below

📉 52W Low: ₹1173.29 | 25.46% above
📈 52W High: ₹1584.00 | 7.07% below
--------------------------------------------------
2026-04-13 12:57:49,380 - INFO - 
Reliance Industries Limited (RELIANCE.NS)
Price: ₹1310.40

📉 26W Low: ₹1290.00 | 1.58% above
📈 26W High: ₹1611.80 | 18.70% below

📉 52W Low: ₹1222.72 | 7.17% above
📈 52W High: ₹1611.80 | 18.70% below
--------------------------------------------------
2026-04-13 12:57:49,643 - INFO - -- BEGIN Twilio API Request --
2026-04-13 12:57:49,644 - INFO - POST Request: https://api.twilio.com/2010-04-01/Accounts/AC59b803e74c7c459ccc027d48a2425cd3/Messages.json
2026-04-13 12:57:49,646 - INFO - Headers:
2026-04-13 12:57:49,646 - INFO - Content-Type : application/x-www-form-urlencoded
2026-04-13 12:57:49,646 - INFO - Accept : application/json
2026-04-13 12:57:49,648 - INFO - User-Agent : twilio-python/9.10.4 (Windows AMD64) Python/3.10.0
2026-04-13 12:57:49,649 - INFO - X-Twilio-Client : python-9.10.4
2026-04-13 12:57:49,649 - INFO - Accept-Charset : utf-8
2026-04-13 12:57:49,649 - INFO - -- END Twilio API Request --
2026-04-13 12:57:50,096 - INFO - Response Status Code: 201
2026-04-13 12:57:50,096 - INFO - Response Headers: {'Content-Type': 'application/json;charset=utf-8', 'Content-Length': '1132', 'Connection': 'keep-alive', 'Date': 'Mon, 13 Apr 2026 07:27:50 GMT', 'Twilio-Concurrent-Requests': '1', 'Twilio-Request-Id': 'RQf730dc5f6ed5accc796c29b1a1bd023a', 'Twilio-Request-Duration': '0.128', 'X-Home-Region': 'us1', 'X-API-Domain': 'api.twilio.com', 'Strict-Transport-Security': 'max-age=31536000', 'X-Cache': 'Miss from cloudfront', 'Via': '1.1 c2e71f7a744af65a5cea344ff07d9628.cloudfront.net (CloudFront)', 'X-Amz-Cf-Pop': 'DEL54-P3', 'X-Amz-Cf-Id': '819kIUsnTOBOGuRNKNKXPhGouHBeCxb1CHT76ixJi8xsLO27CmK9WA==', 'X-Powered-By': 'AT-5000', 'X-Shenanigans': 'none', 'Vary': 'Origin'}
2026-04-13 12:57:50,096 - INFO - WhatsApp sent: SMf730dc5f6ed5accc796c29b1a1bd023a
2026-04-13 12:57:52,103 - INFO - 
Next check in 300 seconds...
2026-04-13 13:02:52,110 - INFO - 
============================================================
2026-04-13 13:02:52,110 - INFO - Checking at 2026-04-13 13:02:52
2026-04-13 13:02:52,110 - INFO - ============================================================
2026-04-13 13:02:53,584 - INFO - 
JSW Steel Limited (JSWSTEEL.NS)
Price: ₹1207.60

📉 26W Low: ₹1073.20 | 12.52% above
📈 26W High: ₹1284.70 | 6.00% below

📉 52W Low: ₹932.49 | 29.50% above
📈 52W High: ₹1284.70 | 6.00% below
--------------------------------------------------
2026-04-13 13:02:56,424 - INFO - 
Grasim Industries Limited (GRASIM.NS)
Price: ₹2723.10

📉 26W Low: ₹2502.50 | 8.82% above
📈 26W High: ₹2979.00 | 8.59% below

📉 52W Low: ₹2501.90 | 8.84% above
📈 52W High: ₹2979.00 | 8.59% below
--------------------------------------------------
2026-04-13 13:02:59,301 - INFO - 
Infosys Limited (INFY.NS)
Price: ₹1272.40

📉 26W Low: ₹1215.10 | 4.72% above
📈 26W High: ₹1728.00 | 26.37% below

📉 52W Low: ₹1215.10 | 4.72% above
📈 52W High: ₹1728.00 | 26.37% below
--------------------------------------------------
2026-04-13 13:03:02,121 - INFO - 
Wipro Limited (WIPRO.NS)
Price: ₹202.28

📉 26W Low: ₹186.50 | 8.46% above
📈 26W High: ₹266.23 | 24.02% below

📉 52W Low: ₹186.50 | 8.46% above
📈 52W High: ₹266.23 | 24.02% below
--------------------------------------------------
2026-04-13 13:03:04,967 - INFO - 
Kotak Mahindra Bank Limited (KOTAKBANK.NS)
Price: ₹368.55

📉 26W Low: ₹345.50 | 6.67% above
📈 26W High: ₹453.20 | 18.68% below

📉 52W Low: ₹345.50 | 6.67% above
📈 52W High: ₹459.85 | 19.85% below
--------------------------------------------------
2026-04-13 13:03:07,860 - INFO - 
Bharti Airtel Limited (BHARTIARTL.NS)
Price: ₹1881.50

📉 26W Low: ₹1746.90 | 7.71% above
📈 26W High: ₹2174.50 | 13.47% below

📉 52W Low: ₹1746.90 | 7.71% above
📈 52W High: ₹2174.50 | 13.47% below
--------------------------------------------------
2026-04-13 13:03:11,071 - INFO - 
HCL Technologies Limited (HCLTECH.NS)
Price: ₹1423.30

📉 26W Low: ₹1297.70 | 9.68% above
📈 26W High: ₹1780.10 | 20.04% below

📉 52W Low: ₹1297.70 | 9.68% above
📈 52W High: ₹1780.10 | 20.04% below
--------------------------------------------------
2026-04-13 13:03:13,932 - INFO - 
Sun Pharmaceutical Industries Limited (SUNPHARMA.NS)
Price: ₹1656.50

📉 26W Low: ₹1573.48 | 5.28% above
📈 26W High: ₹1843.00 | 10.12% below

📉 52W Low: ₹1538.01 | 7.70% above
📈 52W High: ₹1843.00 | 10.12% below
--------------------------------------------------
2026-04-13 13:03:16,075 - ERROR - $LTIM.NS: possibly delisted; no price data found  (period=1d)
2026-04-13 13:03:19,027 - INFO - 
Hero MotoCorp Limited (HEROMOTOCO.NS)
Price: ₹5228.50

📉 26W Low: ₹4904.00 | 6.62% above
📈 26W High: ₹6266.36 | 16.56% below

📉 52W Low: ₹3540.70 | 47.67% above
📈 52W High: ₹6266.36 | 16.56% below
--------------------------------------------------
2026-04-13 13:03:21,897 - INFO - 
State Bank of India (SBIN.NS)
Price: ₹1051.70

📉 26W Low: ₹872.10 | 20.59% above
📈 26W High: ₹1234.70 | 14.82% below

📉 52W Low: ₹740.63 | 42.00% above
📈 52W High: ₹1234.70 | 14.82% below
--------------------------------------------------
2026-04-13 13:03:24,751 - INFO - 
Apollo Hospitals Enterprise Limited (APOLLOHOSP.NS)
Price: ₹7499.50

📉 26W Low: ₹6687.62 | 12.14% above
📈 26W High: ₹8088.76 | 7.28% below

📉 52W Low: ₹6660.12 | 12.60% above
📈 52W High: ₹8088.76 | 7.28% below
--------------------------------------------------
2026-04-13 13:03:27,552 - INFO - 
Titan Company Limited (TITAN.NS)
Price: ₹4482.30

📉 26W Low: ₹3506.50 | 27.83% above
📈 26W High: ₹4523.90 | 0.92% below

📉 52W Low: ₹3201.57 | 40.00% above
📈 52W High: ₹4523.90 | 0.92% below
--------------------------------------------------
2026-04-13 13:03:30,362 - INFO - 
Bajaj Finance Limited (BAJFINANCE.NS)
Price: ₹898.05

📉 26W Low: ₹787.90 | 13.98% above
📈 26W High: ₹1102.50 | 18.54% below

📉 52W Low: ₹787.90 | 13.98% above
📈 52W High: ₹1102.50 | 18.54% below
--------------------------------------------------
2026-04-13 13:03:33,197 - INFO - 
Dr. Reddy's Laboratories Limited (DRREDDY.NS)
Price: ₹1224.60

📉 26W Low: ₹1148.40 | 6.64% above
📈 26W High: ₹1337.30 | 8.43% below

📉 52W Low: ₹1121.88 | 9.16% above
📈 52W High: ₹1371.00 | 10.68% below
--------------------------------------------------
2026-04-13 13:03:36,030 - INFO - 
Nestlé India Limited (NESTLEIND.NS)
Price: ₹1226.10

📉 26W Low: ₹1159.40 | 5.75% above
📈 26W High: ₹1334.80 | 8.14% below

📉 52W Low: ₹1078.87 | 13.65% above
📈 52W High: ₹1334.80 | 8.14% below
--------------------------------------------------
2026-04-13 13:03:38,834 - INFO - 
SBI Life Insurance Company Limited (SBILIFE.NS)
Price: ₹1918.20

📉 26W Low: ₹1728.10 | 11.00% above
📈 26W High: ₹2129.04 | 9.90% below

📉 52W Low: ₹1522.88 | 25.96% above
📈 52W High: ₹2129.04 | 9.90% below
--------------------------------------------------
2026-04-13 13:03:41,657 - INFO - 
Tata Consultancy Services Limited (TCS.NS)
Price: ₹2475.00

📉 26W Low: ₹2346.20 | 5.49% above
📈 26W High: ₹3350.00 | 26.12% below

📉 52W Low: ₹2346.20 | 5.49% above
📈 52W High: ₹3509.22 | 29.47% below
--------------------------------------------------
2026-04-13 13:03:44,488 - INFO - 
Divi's Laboratories Limited (DIVISLAB.NS)
Price: ₹6060.00

📉 26W Low: ₹5647.50 | 7.30% above
📈 26W High: ₹6904.50 | 12.23% below

📉 52W Low: ₹5570.63 | 8.78% above
📈 52W High: ₹7039.45 | 13.91% below
--------------------------------------------------
2026-04-13 13:03:47,298 - INFO - 
UltraTech Cement Limited (ULTRACEMCO.NS)
Price: ₹11458.00

📉 26W Low: ₹10325.00 | 10.97% above
📈 26W High: ₹13110.00 | 12.60% below

📉 52W Low: ₹10325.00 | 10.97% above
📈 52W High: ₹13110.00 | 12.60% below
--------------------------------------------------
2026-04-13 13:03:50,287 - ERROR - HTTP Error 404: {"quoteSummary":{"result":null,"error":{"code":"Not Found","description":"Quote not found for symbol: TATAMOTORS.NS"}}}
2026-04-13 13:03:51,036 - ERROR - $TATAMOTORS.NS: possibly delisted; no price data found  (period=1d) (Yahoo error = "No data found, symbol may be delisted")
2026-04-13 13:03:54,022 - INFO - 
Hindalco Industries Limited (HINDALCO.NS)
Price: ₹975.40

📉 26W Low: ₹754.45 | 29.29% above
📈 26W High: ₹1029.80 | 5.28% below

📉 52W Low: ₹597.62 | 63.21% above
📈 52W High: ₹1029.80 | 5.28% below
--------------------------------------------------
2026-04-13 13:03:56,974 - INFO - 
UPL Limited (UPL.NS)
Price: ₹636.95

📉 26W Low: ₹565.15 | 12.70% above
📈 26W High: ₹812.20 | 21.58% below

📉 52W Low: ₹565.15 | 12.70% above
📈 52W High: ₹812.20 | 21.58% below
--------------------------------------------------
2026-04-13 13:03:59,776 - INFO - 
Bajaj Auto Limited (BAJAJ-AUTO.NS)
Price: ₹9781.00

📉 26W Low: ₹8605.00 | 13.67% above
📈 26W High: ₹10187.00 | 3.99% below

📉 52W Low: ₹7423.85 | 31.75% above
📈 52W High: ₹10187.00 | 3.99% below
--------------------------------------------------
2026-04-13 13:04:02,605 - INFO - 
IndusInd Bank Limited (INDUSINDBK.NS)
Price: ₹814.00

📉 26W Low: ₹726.30 | 12.07% above
📈 26W High: ₹968.85 | 15.98% below

📉 52W Low: ₹693.05 | 17.45% above
📈 52W High: ₹968.85 | 15.98% below
--------------------------------------------------
2026-04-13 13:04:05,547 - INFO - 
Eicher Motors Limited (EICHERMOT.NS)
Price: ₹7097.00

📉 26W Low: ₹6442.00 | 10.17% above
📈 26W High: ₹8230.00 | 13.77% below

📉 52W Low: ₹5152.69 | 37.73% above
📈 52W High: ₹8230.00 | 13.77% below
--------------------------------------------------
2026-04-13 13:04:08,497 - INFO - 
Britannia Industries Limited (BRITANNIA.NS)
Price: ₹5580.00

📉 26W Low: ₹5351.50 | 4.27% above
📈 26W High: ₹6271.00 | 11.02% below

📉 52W Low: ₹5208.25 | 7.14% above
📈 52W High: ₹6336.00 | 11.93% below
--------------------------------------------------
2026-04-13 13:04:11,475 - INFO - 
Bharat Petroleum Corporation Limited (BPCL.NS)
Price: ₹291.60

📉 26W Low: ₹266.60 | 9.38% above
📈 26W High: ₹391.65 | 25.55% below

📉 52W Low: ₹266.60 | 9.38% above
📈 52W High: ₹391.65 | 25.55% below
--------------------------------------------------
2026-04-13 13:04:14,297 - INFO - 
Oil and Natural Gas Corporation Limited (ONGC.NS)
Price: ₹286.00

📉 26W Low: ₹223.35 | 28.05% above
📈 26W High: ₹293.00 | 2.39% below

📉 52W Low: ₹216.72 | 31.97% above
📈 52W High: ₹293.00 | 2.39% below
--------------------------------------------------
2026-04-13 13:04:17,159 - INFO - 
Shriram Finance Limited (SHRIRAMFIN.NS)
Price: ₹1007.50

📉 26W Low: ₹654.76 | 53.87% above
📈 26W High: ₹1108.00 | 9.07% below

📉 52W Low: ₹563.07 | 78.93% above
📈 52W High: ₹1108.00 | 9.07% below
--------------------------------------------------
2026-04-13 13:04:19,948 - INFO - 
HDFC Life Insurance Company Limited (HDFCLIFE.NS)
Price: ₹620.55

📉 26W Low: ₹555.10 | 11.79% above
📈 26W High: ₹788.50 | 21.30% below

📉 52W Low: ₹555.10 | 11.79% above
📈 52W High: ₹820.75 | 24.39% below
--------------------------------------------------
2026-04-13 13:04:22,775 - INFO - 
Maruti Suzuki India Limited (MARUTI.NS)
Price: ₹13098.00

📉 26W Low: ₹12201.00 | 7.35% above
📈 26W High: ₹17370.00 | 24.59% below

📉 52W Low: ₹11168.12 | 17.28% above
📈 52W High: ₹17370.00 | 24.59% below
--------------------------------------------------
2026-04-13 13:04:25,697 - INFO - 
Tech Mahindra Limited (TECHM.NS)
Price: ₹1432.60

📉 26W Low: ₹1304.10 | 9.85% above
📈 26W High: ₹1854.00 | 22.73% below

📉 52W Low: ₹1240.02 | 15.53% above
📈 52W High: ₹1854.00 | 22.73% below
--------------------------------------------------
2026-04-13 13:04:28,518 - INFO - 
Adani Enterprises Limited (ADANIENT.NS)
Price: ₹2131.20

📉 26W Low: ₹1753.00 | 21.57% above
📈 26W High: ₹2600.00 | 18.03% below

📉 52W Low: ₹1753.00 | 21.57% above
📈 52W High: ₹2695.00 | 20.92% below
--------------------------------------------------
2026-04-13 13:04:31,292 - INFO - 
Coal India Limited (COALINDIA.NS)
Price: ₹435.40

📉 26W Low: ₹364.48 | 19.46% above
📈 26W High: ₹476.00 | 8.53% below

📉 52W Low: ₹345.88 | 25.88% above
📈 52W High: ₹476.00 | 8.53% below
--------------------------------------------------
2026-04-13 13:04:34,126 - INFO - 
Bajaj Finserv Ltd. (BAJAJFINSV.NS)
Price: ₹1778.60

📉 26W Low: ₹1597.00 | 11.37% above
📈 26W High: ₹2195.00 | 18.97% below

📉 52W Low: ₹1597.00 | 11.37% above
📈 52W High: ₹2195.00 | 18.97% below
--------------------------------------------------
2026-04-13 13:04:37,006 - INFO - 
Cipla Limited (CIPLA.NS)
Price: ₹1210.00

📉 26W Low: ₹1165.70 | 3.80% above
📈 26W High: ₹1673.00 | 27.67% below

📉 52W Low: ₹1165.70 | 3.80% above
📈 52W High: ₹1673.00 | 27.67% below
--------------------------------------------------
2026-04-13 13:04:39,817 - INFO - 
SBI Cards and Payment Services Limited (SBICARD.NS)
Price: ₹667.70

📉 26W Low: ₹615.50 | 8.48% above
📈 26W High: ₹961.63 | 30.57% below

📉 52W Low: ₹615.50 | 8.48% above
📈 52W High: ₹1023.66 | 34.77% below
--------------------------------------------------
2026-04-13 13:04:43,432 - INFO - 
Larsen & Toubro Limited (LT.NS)
Price: ₹3937.00

📉 26W Low: ₹3288.10 | 19.73% above
📈 26W High: ₹4440.00 | 11.33% below

📉 52W Low: ₹3133.18 | 25.66% above
📈 52W High: ₹4440.00 | 11.33% below
--------------------------------------------------
2026-04-13 13:04:46,211 - INFO - 
NTPC Limited (NTPC.NS)
Price: ₹387.05

📉 26W Low: ₹313.19 | 23.58% above
📈 26W High: ₹394.50 | 1.89% below

📉 52W Low: ₹313.09 | 23.62% above
📈 52W High: ₹394.50 | 1.89% below
--------------------------------------------------
2026-04-13 13:04:49,085 - INFO - 
Hindustan Unilever Limited (HINDUNILVR.NS)
Price: ₹2122.00

📉 26W Low: ₹2022.50 | 4.92% above
📈 26W High: ₹2646.40 | 19.82% below

📉 52W Low: ₹2022.50 | 4.92% above
📈 52W High: ₹2728.55 | 22.23% below
--------------------------------------------------
2026-04-13 13:04:51,925 - INFO - 
Asian Paints Limited (ASIANPAINT.NS)
Price: ₹2353.30

📉 26W Low: ₹2115.00 | 11.27% above
📈 26W High: ₹2985.70 | 21.18% below

📉 52W Low: ₹2115.00 | 11.27% above
📈 52W High: ₹2985.70 | 21.18% below
--------------------------------------------------
2026-04-13 13:04:54,789 - INFO - 
ITC Limited (ITC.NS)
Price: ₹299.20

📉 26W Low: ₹287.00 | 4.25% above
📈 26W High: ₹417.65 | 28.36% below

📉 52W Low: ₹287.00 | 4.25% above
📈 52W High: ₹427.21 | 29.96% below
--------------------------------------------------
2026-04-13 13:04:57,677 - INFO - 
ICICI Bank Limited (ICICIBANK.NS)
Price: ₹1330.40

📉 26W Low: ₹1187.60 | 12.02% above
📈 26W High: ₹1445.00 | 7.93% below

📉 52W Low: ₹1187.60 | 12.02% above
📈 52W High: ₹1488.51 | 10.62% below
--------------------------------------------------
2026-04-13 13:05:00,607 - INFO - 
HDFC Bank Limited (HDFCBANK.NS)
Price: ₹790.85

📉 26W Low: ₹726.65 | 8.84% above
📈 26W High: ₹1020.50 | 22.50% below

📉 52W Low: ₹726.65 | 8.84% above
📈 52W High: ₹1020.50 | 22.50% below
--------------------------------------------------
2026-04-13 13:05:03,541 - INFO - 
Axis Bank Limited (AXISBANK.NS)
Price: ₹1352.70

📉 26W Low: ₹1150.30 | 17.60% above
📈 26W High: ₹1418.30 | 4.63% below

📉 52W Low: ₹1042.50 | 29.76% above
📈 52W High: ₹1418.30 | 4.63% below
--------------------------------------------------
2026-04-13 13:05:06,409 - INFO - 
Mahindra & Mahindra Limited (M&M.NS)
Price: ₹3226.80

📉 26W Low: ₹2896.00 | 11.42% above
📈 26W High: ₹3839.90 | 15.97% below

📉 52W Low: ₹2581.66 | 24.99% above
📈 52W High: ₹3839.90 | 15.97% below
--------------------------------------------------
2026-04-13 13:05:09,232 - INFO - 
Power Grid Corporation of India Limited (POWERGRID.NS)
Price: ₹301.30

📉 26W Low: ₹247.22 | 21.87% above
📈 26W High: ₹311.70 | 3.34% below

📉 52W Low: ₹247.22 | 21.87% above
📈 52W High: ₹311.81 | 3.37% below
--------------------------------------------------
2026-04-13 13:05:12,063 - INFO - 
Tata Steel Limited (TATASTEEL.NS)
Price: ₹205.40

📉 26W Low: ₹160.06 | 28.33% above
📈 26W High: ₹216.45 | 5.11% below

📉 52W Low: ₹130.65 | 57.21% above
📈 52W High: ₹216.45 | 5.11% below
--------------------------------------------------
2026-04-13 13:05:15,415 - INFO - 
Adani Ports and Special Economic Zone Limited (ADANIPORTS.NS)
Price: ₹1472.50

📉 26W Low: ₹1292.00 | 13.97% above
📈 26W High: ₹1584.00 | 7.04% below

📉 52W Low: ₹1173.29 | 25.50% above
📈 52W High: ₹1584.00 | 7.04% below
--------------------------------------------------
2026-04-13 13:05:19,396 - INFO - 
Reliance Industries Limited (RELIANCE.NS)
Price: ₹1312.10

📉 26W Low: ₹1290.00 | 1.71% above
📈 26W High: ₹1611.80 | 18.59% below

📉 52W Low: ₹1222.72 | 7.31% above
📈 52W High: ₹1611.80 | 18.59% below
--------------------------------------------------
2026-04-13 13:05:21,410 - INFO - 
Next check in 300 seconds...
2026-04-13 13:10:21,437 - INFO - 
============================================================
2026-04-13 13:10:21,439 - INFO - Checking at 2026-04-13 13:10:21
2026-04-13 13:10:21,439 - INFO - ============================================================
2026-04-13 13:10:22,992 - INFO - 
JSW Steel Limited (JSWSTEEL.NS)
Price: ₹1206.70

📉 26W Low: ₹1073.20 | 12.44% above
📈 26W High: ₹1284.70 | 6.07% below

📉 52W Low: ₹932.49 | 29.41% above
📈 52W High: ₹1284.70 | 6.07% below
--------------------------------------------------
2026-04-13 13:10:25,948 - INFO - 
Grasim Industries Limited (GRASIM.NS)
Price: ₹2720.90

📉 26W Low: ₹2502.50 | 8.73% above
📈 26W High: ₹2979.00 | 8.66% below

📉 52W Low: ₹2501.90 | 8.75% above
📈 52W High: ₹2979.00 | 8.66% below
--------------------------------------------------
2026-04-13 13:10:28,828 - INFO - 
Infosys Limited (INFY.NS)
Price: ₹1272.50

📉 26W Low: ₹1215.10 | 4.72% above
📈 26W High: ₹1728.00 | 26.36% below

📉 52W Low: ₹1215.10 | 4.72% above
📈 52W High: ₹1728.00 | 26.36% below
--------------------------------------------------
2026-04-13 13:10:31,778 - INFO - 
Wipro Limited (WIPRO.NS)
Price: ₹202.51

📉 26W Low: ₹186.50 | 8.58% above
📈 26W High: ₹266.23 | 23.93% below

📉 52W Low: ₹186.50 | 8.58% above
📈 52W High: ₹266.23 | 23.93% below
--------------------------------------------------
2026-04-13 13:10:34,665 - INFO - 
Kotak Mahindra Bank Limited (KOTAKBANK.NS)
Price: ₹369.05

📉 26W Low: ₹345.50 | 6.82% above
📈 26W High: ₹453.20 | 18.57% below

📉 52W Low: ₹345.50 | 6.82% above
📈 52W High: ₹459.85 | 19.75% below
--------------------------------------------------
2026-04-13 13:10:37,458 - INFO - 
Bharti Airtel Limited (BHARTIARTL.NS)
Price: ₹1881.30

📉 26W Low: ₹1746.90 | 7.69% above
📈 26W High: ₹2174.50 | 13.48% below

📉 52W Low: ₹1746.90 | 7.69% above
📈 52W High: ₹2174.50 | 13.48% below
--------------------------------------------------
2026-04-13 13:10:40,362 - INFO - 
HCL Technologies Limited (HCLTECH.NS)
Price: ₹1425.10

📉 26W Low: ₹1297.70 | 9.82% above
📈 26W High: ₹1780.10 | 19.94% below

📉 52W Low: ₹1297.70 | 9.82% above
📈 52W High: ₹1780.10 | 19.94% below
--------------------------------------------------
2026-04-13 13:10:43,269 - INFO - 
Sun Pharmaceutical Industries Limited (SUNPHARMA.NS)
Price: ₹1656.10

📉 26W Low: ₹1573.48 | 5.25% above
📈 26W High: ₹1843.00 | 10.14% below

📉 52W Low: ₹1538.01 | 7.68% above
📈 52W High: ₹1843.00 | 10.14% below
--------------------------------------------------
2026-04-13 13:10:45,375 - ERROR - $LTIM.NS: possibly delisted; no price data found  (period=1d)
2026-04-13 13:10:48,196 - INFO - 
Hero MotoCorp Limited (HEROMOTOCO.NS)
Price: ₹5240.50

📉 26W Low: ₹4904.00 | 6.86% above
📈 26W High: ₹6266.36 | 16.37% below

📉 52W Low: ₹3540.70 | 48.01% above
📈 52W High: ₹6266.36 | 16.37% below
--------------------------------------------------
2026-04-13 13:10:51,201 - INFO - 
State Bank of India (SBIN.NS)
Price: ₹1054.55

📉 26W Low: ₹872.10 | 20.92% above
📈 26W High: ₹1234.70 | 14.59% below

📉 52W Low: ₹740.63 | 42.39% above
📈 52W High: ₹1234.70 | 14.59% below
--------------------------------------------------
2026-04-13 13:10:54,108 - INFO - 
Apollo Hospitals Enterprise Limited (APOLLOHOSP.NS)
Price: ₹7524.00

📉 26W Low: ₹6687.62 | 12.51% above
📈 26W High: ₹8088.76 | 6.98% below

📉 52W Low: ₹6660.12 | 12.97% above
📈 52W High: ₹8088.76 | 6.98% below
--------------------------------------------------
2026-04-13 13:10:56,997 - INFO - 
Titan Company Limited (TITAN.NS)
Price: ₹4485.00

📉 26W Low: ₹3506.50 | 27.91% above
📈 26W High: ₹4523.90 | 0.86% below

📉 52W Low: ₹3201.57 | 40.09% above
📈 52W High: ₹4523.90 | 0.86% below
--------------------------------------------------
2026-04-13 13:11:00,003 - INFO - 
Bajaj Finance Limited (BAJFINANCE.NS)
Price: ₹899.35

📉 26W Low: ₹787.90 | 14.15% above
📈 26W High: ₹1102.50 | 18.43% below

📉 52W Low: ₹787.90 | 14.15% above
📈 52W High: ₹1102.50 | 18.43% below
--------------------------------------------------
2026-04-13 13:11:02,823 - INFO - 
Dr. Reddy's Laboratories Limited (DRREDDY.NS)
Price: ₹1230.00

📉 26W Low: ₹1148.40 | 7.11% above
📈 26W High: ₹1337.30 | 8.02% below

📉 52W Low: ₹1121.88 | 9.64% above
📈 52W High: ₹1371.00 | 10.28% below
--------------------------------------------------
2026-04-13 13:11:05,691 - INFO - 
Nestlé India Limited (NESTLEIND.NS)
Price: ₹1228.60

📉 26W Low: ₹1159.40 | 5.97% above
📈 26W High: ₹1334.80 | 7.96% below

📉 52W Low: ₹1078.87 | 13.88% above
📈 52W High: ₹1334.80 | 7.96% below
--------------------------------------------------
2026-04-13 13:11:08,744 - INFO - 
SBI Life Insurance Company Limited (SBILIFE.NS)
Price: ₹1925.30

📉 26W Low: ₹1728.10 | 11.41% above
📈 26W High: ₹2129.04 | 9.57% below

📉 52W Low: ₹1522.88 | 26.42% above
📈 52W High: ₹2129.04 | 9.57% below
--------------------------------------------------
2026-04-13 13:11:11,638 - INFO - 
Tata Consultancy Services Limited (TCS.NS)
Price: ₹2476.60

📉 26W Low: ₹2346.20 | 5.56% above
📈 26W High: ₹3350.00 | 26.07% below

📉 52W Low: ₹2346.20 | 5.56% above
📈 52W High: ₹3509.22 | 29.43% below
--------------------------------------------------
2026-04-13 13:11:14,407 - INFO - 
Divi's Laboratories Limited (DIVISLAB.NS)
Price: ₹6076.00

📉 26W Low: ₹5647.50 | 7.59% above
📈 26W High: ₹6904.50 | 12.00% below

📉 52W Low: ₹5570.63 | 9.07% above
📈 52W High: ₹7039.45 | 13.69% below
--------------------------------------------------
2026-04-13 13:11:17,226 - INFO - 
UltraTech Cement Limited (ULTRACEMCO.NS)
Price: ₹11482.00

📉 26W Low: ₹10325.00 | 11.21% above
📈 26W High: ₹13110.00 | 12.42% below

📉 52W Low: ₹10325.00 | 11.21% above
📈 52W High: ₹13110.00 | 12.42% below
--------------------------------------------------
2026-04-13 13:11:19,864 - ERROR - $TATAMOTORS.NS: possibly delisted; no price data found  (period=1d) (Yahoo error = "No data found, symbol may be delisted")
2026-04-13 13:11:22,762 - INFO - 
Hindalco Industries Limited (HINDALCO.NS)
Price: ₹976.45

📉 26W Low: ₹754.45 | 29.43% above
📈 26W High: ₹1029.80 | 5.18% below

📉 52W Low: ₹597.62 | 63.39% above
📈 52W High: ₹1029.80 | 5.18% below
--------------------------------------------------
2026-04-13 13:11:25,560 - INFO - 
UPL Limited (UPL.NS)
Price: ₹637.85

📉 26W Low: ₹565.15 | 12.86% above
📈 26W High: ₹812.20 | 21.47% below

📉 52W Low: ₹565.15 | 12.86% above
📈 52W High: ₹812.20 | 21.47% below
--------------------------------------------------
2026-04-13 13:11:28,457 - INFO - 
Bajaj Auto Limited (BAJAJ-AUTO.NS)
Price: ₹9805.00

📉 26W Low: ₹8605.00 | 13.95% above
📈 26W High: ₹10187.00 | 3.75% below

📉 52W Low: ₹7423.85 | 32.07% above
📈 52W High: ₹10187.00 | 3.75% below
--------------------------------------------------
2026-04-13 13:11:31,223 - INFO - 
IndusInd Bank Limited (INDUSINDBK.NS)
Price: ₹816.15

📉 26W Low: ₹726.30 | 12.37% above
📈 26W High: ₹968.85 | 15.76% below

📉 52W Low: ₹693.05 | 17.76% above
📈 52W High: ₹968.85 | 15.76% below
--------------------------------------------------
2026-04-13 13:11:34,036 - INFO - 
Eicher Motors Limited (EICHERMOT.NS)
Price: ₹7100.00

📉 26W Low: ₹6442.00 | 10.21% above
📈 26W High: ₹8230.00 | 13.73% below

📉 52W Low: ₹5152.69 | 37.79% above
📈 52W High: ₹8230.00 | 13.73% below
--------------------------------------------------
2026-04-13 13:11:36,896 - INFO - 
Britannia Industries Limited (BRITANNIA.NS)
Price: ₹5584.00

📉 26W Low: ₹5351.50 | 4.34% above
📈 26W High: ₹6271.00 | 10.96% below

📉 52W Low: ₹5208.25 | 7.21% above
📈 52W High: ₹6336.00 | 11.87% below
--------------------------------------------------
2026-04-13 13:11:39,706 - INFO - 
Bharat Petroleum Corporation Limited (BPCL.NS)
Price: ₹291.80

📉 26W Low: ₹266.60 | 9.45% above
📈 26W High: ₹391.65 | 25.49% below

📉 52W Low: ₹266.60 | 9.45% above
📈 52W High: ₹391.65 | 25.49% below
--------------------------------------------------
2026-04-13 13:11:42,686 - INFO - 
Oil and Natural Gas Corporation Limited (ONGC.NS)
Price: ₹286.00

📉 26W Low: ₹223.35 | 28.05% above
📈 26W High: ₹293.00 | 2.39% below

📉 52W Low: ₹216.72 | 31.97% above
📈 52W High: ₹293.00 | 2.39% below
--------------------------------------------------
2026-04-13 13:11:45,539 - INFO - 
Shriram Finance Limited (SHRIRAMFIN.NS)
Price: ₹1008.30

📉 26W Low: ₹654.76 | 54.00% above
📈 26W High: ₹1108.00 | 9.00% below

📉 52W Low: ₹563.07 | 79.07% above
📈 52W High: ₹1108.00 | 9.00% below
--------------------------------------------------
2026-04-13 13:11:48,330 - INFO - 
HDFC Life Insurance Company Limited (HDFCLIFE.NS)
Price: ₹621.90

📉 26W Low: ₹555.10 | 12.03% above
📈 26W High: ₹788.50 | 21.13% below

📉 52W Low: ₹555.10 | 12.03% above
📈 52W High: ₹820.75 | 24.23% below
--------------------------------------------------
2026-04-13 13:11:51,192 - INFO - 
Maruti Suzuki India Limited (MARUTI.NS)
Price: ₹13062.00

📉 26W Low: ₹12201.00 | 7.06% above
📈 26W High: ₹17370.00 | 24.80% below

📉 52W Low: ₹11168.12 | 16.96% above
📈 52W High: ₹17370.00 | 24.80% below
--------------------------------------------------
2026-04-13 13:11:54,393 - INFO - 
Tech Mahindra Limited (TECHM.NS)
Price: ₹1433.80

📉 26W Low: ₹1304.10 | 9.95% above
📈 26W High: ₹1854.00 | 22.66% below

📉 52W Low: ₹1240.02 | 15.63% above
📈 52W High: ₹1854.00 | 22.66% below
--------------------------------------------------
2026-04-13 13:11:57,819 - INFO - 
Adani Enterprises Limited (ADANIENT.NS)
Price: ₹2138.10

📉 26W Low: ₹1753.00 | 21.97% above
📈 26W High: ₹2600.00 | 17.77% below

📉 52W Low: ₹1753.00 | 21.97% above
📈 52W High: ₹2695.00 | 20.66% below
--------------------------------------------------
2026-04-13 13:12:00,657 - INFO - 
Coal India Limited (COALINDIA.NS)
Price: ₹435.85

📉 26W Low: ₹364.48 | 19.58% above
📈 26W High: ₹476.00 | 8.43% below

📉 52W Low: ₹345.88 | 26.01% above
📈 52W High: ₹476.00 | 8.43% below
--------------------------------------------------
2026-04-13 13:12:03,685 - INFO - 
Bajaj Finserv Ltd. (BAJAJFINSV.NS)
Price: ₹1781.90

📉 26W Low: ₹1597.00 | 11.58% above
📈 26W High: ₹2195.00 | 18.82% below

📉 52W Low: ₹1597.00 | 11.58% above
📈 52W High: ₹2195.00 | 18.82% below
--------------------------------------------------
2026-04-13 13:12:06,657 - INFO - 
Cipla Limited (CIPLA.NS)
Price: ₹1211.00

📉 26W Low: ₹1165.70 | 3.89% above
📈 26W High: ₹1673.00 | 27.62% below

📉 52W Low: ₹1165.70 | 3.89% above
📈 52W High: ₹1673.00 | 27.62% below
--------------------------------------------------
2026-04-13 13:12:09,518 - INFO - 
SBI Cards and Payment Services Limited (SBICARD.NS)
Price: ₹669.00

📉 26W Low: ₹615.50 | 8.69% above
📈 26W High: ₹961.63 | 30.43% below

📉 52W Low: ₹615.50 | 8.69% above
📈 52W High: ₹1023.66 | 34.65% below
--------------------------------------------------
2026-04-13 13:12:12,343 - INFO - 
Larsen & Toubro Limited (LT.NS)
Price: ₹3947.00

📉 26W Low: ₹3288.10 | 20.04% above
📈 26W High: ₹4440.00 | 11.10% below

📉 52W Low: ₹3133.18 | 25.97% above
📈 52W High: ₹4440.00 | 11.10% below
--------------------------------------------------
2026-04-13 13:12:15,151 - INFO - 
NTPC Limited (NTPC.NS)
Price: ₹387.80

📉 26W Low: ₹313.19 | 23.82% above
📈 26W High: ₹394.50 | 1.70% below

📉 52W Low: ₹313.09 | 23.86% above
📈 52W High: ₹394.50 | 1.70% below
--------------------------------------------------
2026-04-13 13:12:18,155 - INFO - 
Hindustan Unilever Limited (HINDUNILVR.NS)
Price: ₹2121.70

📉 26W Low: ₹2022.50 | 4.90% above
📈 26W High: ₹2646.40 | 19.83% below

📉 52W Low: ₹2022.50 | 4.90% above
📈 52W High: ₹2728.55 | 22.24% below
--------------------------------------------------
2026-04-13 13:12:21,160 - INFO - 
Asian Paints Limited (ASIANPAINT.NS)
Price: ₹2356.10

📉 26W Low: ₹2115.00 | 11.40% above
📈 26W High: ₹2985.70 | 21.09% below

📉 52W Low: ₹2115.00 | 11.40% above
📈 52W High: ₹2985.70 | 21.09% below
--------------------------------------------------
2026-04-13 13:12:24,091 - INFO - 
ITC Limited (ITC.NS)
Price: ₹299.15

📉 26W Low: ₹287.00 | 4.23% above
📈 26W High: ₹417.65 | 28.37% below

📉 52W Low: ₹287.00 | 4.23% above
📈 52W High: ₹427.21 | 29.98% below
--------------------------------------------------
2026-04-13 13:12:26,952 - INFO - 
ICICI Bank Limited (ICICIBANK.NS)
Price: ₹1331.80

📉 26W Low: ₹1187.60 | 12.14% above
📈 26W High: ₹1445.00 | 7.83% below

📉 52W Low: ₹1187.60 | 12.14% above
📈 52W High: ₹1488.51 | 10.53% below
--------------------------------------------------
2026-04-13 13:12:29,939 - INFO - 
HDFC Bank Limited (HDFCBANK.NS)
Price: ₹791.95

📉 26W Low: ₹726.65 | 8.99% above
📈 26W High: ₹1020.50 | 22.40% below

📉 52W Low: ₹726.65 | 8.99% above
📈 52W High: ₹1020.50 | 22.40% below
--------------------------------------------------
2026-04-13 13:12:32,884 - INFO - 
Axis Bank Limited (AXISBANK.NS)
Price: ₹1354.50

📉 26W Low: ₹1150.30 | 17.75% above
📈 26W High: ₹1418.30 | 4.50% below

📉 52W Low: ₹1042.50 | 29.93% above
📈 52W High: ₹1418.30 | 4.50% below
--------------------------------------------------
2026-04-13 13:12:35,697 - INFO - 
Mahindra & Mahindra Limited (M&M.NS)
Price: ₹3237.00

📉 26W Low: ₹2896.00 | 11.77% above
📈 26W High: ₹3839.90 | 15.70% below

📉 52W Low: ₹2581.66 | 25.38% above
📈 52W High: ₹3839.90 | 15.70% below
--------------------------------------------------
2026-04-13 13:12:38,570 - INFO - 
Power Grid Corporation of India Limited (POWERGRID.NS)
Price: ₹301.35

📉 26W Low: ₹247.22 | 21.89% above
📈 26W High: ₹311.70 | 3.32% below

📉 52W Low: ₹247.22 | 21.89% above
📈 52W High: ₹311.81 | 3.35% below
--------------------------------------------------
2026-04-13 13:12:41,457 - INFO - 
Tata Steel Limited (TATASTEEL.NS)
Price: ₹205.64

📉 26W Low: ₹160.06 | 28.48% above
📈 26W High: ₹216.45 | 4.99% below

📉 52W Low: ₹130.65 | 57.39% above
📈 52W High: ₹216.45 | 4.99% below
--------------------------------------------------
2026-04-13 13:12:44,244 - INFO - 
Adani Ports and Special Economic Zone Limited (ADANIPORTS.NS)
Price: ₹1477.50

📉 26W Low: ₹1292.00 | 14.36% above
📈 26W High: ₹1584.00 | 6.72% below

📉 52W Low: ₹1173.29 | 25.93% above
📈 52W High: ₹1584.00 | 6.72% below
--------------------------------------------------
2026-04-13 13:12:47,355 - INFO - 
Reliance Industries Limited (RELIANCE.NS)
Price: ₹1313.90

📉 26W Low: ₹1290.00 | 1.85% above
📈 26W High: ₹1611.80 | 18.48% below

📉 52W Low: ₹1222.72 | 7.46% above
📈 52W High: ₹1611.80 | 18.48% below
--------------------------------------------------
2026-04-13 13:12:49,356 - INFO - 
Next check in 300 seconds...
2026-04-13 13:17:49,361 - INFO - 
============================================================
2026-04-13 13:17:49,363 - INFO - Checking at 2026-04-13 13:17:49
2026-04-13 13:17:49,363 - INFO - ============================================================
2026-04-13 13:17:50,921 - INFO - 
JSW Steel Limited (JSWSTEEL.NS)
Price: ₹1207.40

📉 26W Low: ₹1073.20 | 12.50% above
📈 26W High: ₹1284.70 | 6.02% below

📉 52W Low: ₹932.49 | 29.48% above
📈 52W High: ₹1284.70 | 6.02% below
--------------------------------------------------
2026-04-13 13:17:53,711 - INFO - 
Grasim Industries Limited (GRASIM.NS)
Price: ₹2720.00

📉 26W Low: ₹2502.50 | 8.69% above
📈 26W High: ₹2979.00 | 8.69% below

📉 52W Low: ₹2501.90 | 8.72% above
📈 52W High: ₹2979.00 | 8.69% below
--------------------------------------------------
2026-04-13 13:17:56,479 - INFO - 
Infosys Limited (INFY.NS)
Price: ₹1271.60

📉 26W Low: ₹1215.10 | 4.65% above
📈 26W High: ₹1728.00 | 26.41% below

📉 52W Low: ₹1215.10 | 4.65% above
📈 52W High: ₹1728.00 | 26.41% below
--------------------------------------------------
2026-04-13 13:17:59,151 - INFO - 
Wipro Limited (WIPRO.NS)
Price: ₹202.57

📉 26W Low: ₹186.50 | 8.62% above
📈 26W High: ₹266.23 | 23.91% below

📉 52W Low: ₹186.50 | 8.62% above
📈 52W High: ₹266.23 | 23.91% below
--------------------------------------------------
2026-04-13 13:18:01,947 - INFO - 
Kotak Mahindra Bank Limited (KOTAKBANK.NS)
Price: ₹369.75

📉 26W Low: ₹345.50 | 7.02% above
📈 26W High: ₹453.20 | 18.41% below

📉 52W Low: ₹345.50 | 7.02% above
📈 52W High: ₹459.85 | 19.59% below
--------------------------------------------------
2026-04-13 13:18:04,627 - INFO - 
Bharti Airtel Limited (BHARTIARTL.NS)
Price: ₹1876.40

📉 26W Low: ₹1746.90 | 7.41% above
📈 26W High: ₹2174.50 | 13.71% below

📉 52W Low: ₹1746.90 | 7.41% above
📈 52W High: ₹2174.50 | 13.71% below
--------------------------------------------------
2026-04-13 13:18:07,319 - INFO - 
HCL Technologies Limited (HCLTECH.NS)
Price: ₹1425.70

📉 26W Low: ₹1297.70 | 9.86% above
📈 26W High: ₹1780.10 | 19.91% below

📉 52W Low: ₹1297.70 | 9.86% above
📈 52W High: ₹1780.10 | 19.91% below
--------------------------------------------------
2026-04-13 13:18:10,140 - INFO - 
Sun Pharmaceutical Industries Limited (SUNPHARMA.NS)
Price: ₹1658.50

📉 26W Low: ₹1573.48 | 5.40% above
📈 26W High: ₹1843.00 | 10.01% below

📉 52W Low: ₹1538.01 | 7.83% above
📈 52W High: ₹1843.00 | 10.01% below
--------------------------------------------------
2026-04-13 13:18:12,265 - ERROR - $LTIM.NS: possibly delisted; no price data found  (period=1d)
2026-04-13 13:18:14,937 - INFO - 
Hero MotoCorp Limited (HEROMOTOCO.NS)
Price: ₹5224.00

📉 26W Low: ₹4904.00 | 6.53% above
📈 26W High: ₹6266.36 | 16.63% below

📉 52W Low: ₹3540.70 | 47.54% above
📈 52W High: ₹6266.36 | 16.63% below
--------------------------------------------------
2026-04-13 13:18:17,619 - INFO - 
State Bank of India (SBIN.NS)
Price: ₹1056.00

📉 26W Low: ₹872.10 | 21.09% above
📈 26W High: ₹1234.70 | 14.47% below

📉 52W Low: ₹740.63 | 42.58% above
📈 52W High: ₹1234.70 | 14.47% below
--------------------------------------------------
2026-04-13 13:18:20,424 - INFO - 
Apollo Hospitals Enterprise Limited (APOLLOHOSP.NS)
Price: ₹7525.50

📉 26W Low: ₹6687.62 | 12.53% above
📈 26W High: ₹8088.76 | 6.96% below

📉 52W Low: ₹6660.12 | 12.99% above
📈 52W High: ₹8088.76 | 6.96% below
--------------------------------------------------
2026-04-13 13:18:23,083 - INFO - 
Titan Company Limited (TITAN.NS)
Price: ₹4489.40

📉 26W Low: ₹3506.50 | 28.03% above
📈 26W High: ₹4523.90 | 0.76% below

📉 52W Low: ₹3201.57 | 40.23% above
📈 52W High: ₹4523.90 | 0.76% below
--------------------------------------------------
2026-04-13 13:18:25,732 - INFO - 
Bajaj Finance Limited (BAJFINANCE.NS)
Price: ₹900.05

📉 26W Low: ₹787.90 | 14.23% above
📈 26W High: ₹1102.50 | 18.36% below

📉 52W Low: ₹787.90 | 14.23% above
📈 52W High: ₹1102.50 | 18.36% below
--------------------------------------------------
2026-04-13 13:18:28,381 - INFO - 
Dr. Reddy's Laboratories Limited (DRREDDY.NS)
Price: ₹1230.50

📉 26W Low: ₹1148.40 | 7.15% above
📈 26W High: ₹1337.30 | 7.99% below

📉 52W Low: ₹1121.88 | 9.68% above
📈 52W High: ₹1371.00 | 10.25% below
--------------------------------------------------
2026-04-13 13:18:31,055 - INFO - 
Nestlé India Limited (NESTLEIND.NS)
Price: ₹1227.40

📉 26W Low: ₹1159.40 | 5.87% above
📈 26W High: ₹1334.80 | 8.05% below

📉 52W Low: ₹1078.87 | 13.77% above
📈 52W High: ₹1334.80 | 8.05% below
--------------------------------------------------
2026-04-13 13:18:33,813 - INFO - 
SBI Life Insurance Company Limited (SBILIFE.NS)
Price: ₹1928.50

📉 26W Low: ₹1728.10 | 11.60% above
📈 26W High: ₹2129.04 | 9.42% below

📉 52W Low: ₹1522.88 | 26.63% above
📈 52W High: ₹2129.04 | 9.42% below
--------------------------------------------------
2026-04-13 13:18:36,594 - INFO - 
Tata Consultancy Services Limited (TCS.NS)
Price: ₹2476.50

📉 26W Low: ₹2346.20 | 5.55% above
📈 26W High: ₹3350.00 | 26.07% below

📉 52W Low: ₹2346.20 | 5.55% above
📈 52W High: ₹3509.22 | 29.43% below
--------------------------------------------------
2026-04-13 13:18:39,500 - INFO - 
Divi's Laboratories Limited (DIVISLAB.NS)
Price: ₹6078.00

📉 26W Low: ₹5647.50 | 7.62% above
📈 26W High: ₹6904.50 | 11.97% below

📉 52W Low: ₹5570.63 | 9.11% above
📈 52W High: ₹7039.45 | 13.66% below
--------------------------------------------------
2026-04-13 13:18:42,147 - INFO - 
UltraTech Cement Limited (ULTRACEMCO.NS)
Price: ₹11494.00

📉 26W Low: ₹10325.00 | 11.32% above
📈 26W High: ₹13110.00 | 12.33% below

📉 52W Low: ₹10325.00 | 11.32% above
📈 52W High: ₹13110.00 | 12.33% below
--------------------------------------------------
2026-04-13 13:18:44,657 - ERROR - $TATAMOTORS.NS: possibly delisted; no price data found  (period=1d) (Yahoo error = "No data found, symbol may be delisted")
2026-04-13 13:18:47,452 - INFO - 
Hindalco Industries Limited (HINDALCO.NS)
Price: ₹976.45

📉 26W Low: ₹754.45 | 29.43% above
📈 26W High: ₹1029.80 | 5.18% below

📉 52W Low: ₹597.62 | 63.39% above
📈 52W High: ₹1029.80 | 5.18% below
--------------------------------------------------
2026-04-13 13:18:50,239 - INFO - 
UPL Limited (UPL.NS)
Price: ₹640.85

📉 26W Low: ₹565.15 | 13.39% above
📈 26W High: ₹812.20 | 21.10% below

📉 52W Low: ₹565.15 | 13.39% above
📈 52W High: ₹812.20 | 21.10% below
--------------------------------------------------
2026-04-13 13:18:53,010 - INFO - 
Bajaj Auto Limited (BAJAJ-AUTO.NS)
Price: ₹9794.50

📉 26W Low: ₹8605.00 | 13.82% above
📈 26W High: ₹10187.00 | 3.85% below

📉 52W Low: ₹7423.85 | 31.93% above
📈 52W High: ₹10187.00 | 3.85% below
--------------------------------------------------
2026-04-13 13:18:55,749 - INFO - 
IndusInd Bank Limited (INDUSINDBK.NS)
Price: ₹816.10

📉 26W Low: ₹726.30 | 12.36% above
📈 26W High: ₹968.85 | 15.77% below

📉 52W Low: ₹693.05 | 17.75% above
📈 52W High: ₹968.85 | 15.77% below
--------------------------------------------------
2026-04-13 13:18:58,425 - INFO - 
Eicher Motors Limited (EICHERMOT.NS)
Price: ₹7092.00

📉 26W Low: ₹6442.00 | 10.09% above
📈 26W High: ₹8230.00 | 13.83% below

📉 52W Low: ₹5152.69 | 37.64% above
📈 52W High: ₹8230.00 | 13.83% below
--------------------------------------------------
2026-04-13 13:19:01,425 - INFO - 
Britannia Industries Limited (BRITANNIA.NS)
Price: ₹5599.50

📉 26W Low: ₹5351.50 | 4.63% above
📈 26W High: ₹6271.00 | 10.71% below

📉 52W Low: ₹5208.25 | 7.51% above
📈 52W High: ₹6336.00 | 11.62% below
--------------------------------------------------
2026-04-13 13:19:04,194 - INFO - 
Bharat Petroleum Corporation Limited (BPCL.NS)
Price: ₹292.00

📉 26W Low: ₹266.60 | 9.53% above
📈 26W High: ₹391.65 | 25.44% below

📉 52W Low: ₹266.60 | 9.53% above
📈 52W High: ₹391.65 | 25.44% below
--------------------------------------------------
2026-04-13 13:19:07,405 - INFO - 
Oil and Natural Gas Corporation Limited (ONGC.NS)
Price: ₹285.90

📉 26W Low: ₹223.35 | 28.00% above
📈 26W High: ₹293.00 | 2.42% below

📉 52W Low: ₹216.72 | 31.92% above
📈 52W High: ₹293.00 | 2.42% below
--------------------------------------------------
2026-04-13 13:19:10,152 - INFO - 
Shriram Finance Limited (SHRIRAMFIN.NS)
Price: ₹1008.00

📉 26W Low: ₹654.76 | 53.95% above
📈 26W High: ₹1108.00 | 9.03% below

📉 52W Low: ₹563.07 | 79.02% above
📈 52W High: ₹1108.00 | 9.03% below
--------------------------------------------------
2026-04-13 13:19:12,869 - INFO - 
HDFC Life Insurance Company Limited (HDFCLIFE.NS)
Price: ₹622.95

📉 26W Low: ₹555.10 | 12.22% above
📈 26W High: ₹788.50 | 21.00% below

📉 52W Low: ₹555.10 | 12.22% above
📈 52W High: ₹820.75 | 24.10% below
--------------------------------------------------
2026-04-13 13:19:15,634 - INFO - 
Maruti Suzuki India Limited (MARUTI.NS)
Price: ₹13061.00

📉 26W Low: ₹12201.00 | 7.05% above
📈 26W High: ₹17370.00 | 24.81% below

📉 52W Low: ₹11168.12 | 16.95% above
📈 52W High: ₹17370.00 | 24.81% below
--------------------------------------------------
2026-04-13 13:19:18,313 - INFO - 
Tech Mahindra Limited (TECHM.NS)
Price: ₹1434.50

📉 26W Low: ₹1304.10 | 10.00% above
📈 26W High: ₹1854.00 | 22.63% below

📉 52W Low: ₹1240.02 | 15.68% above
📈 52W High: ₹1854.00 | 22.63% below
--------------------------------------------------
2026-04-13 13:19:21,468 - INFO - 
Adani Enterprises Limited (ADANIENT.NS)
Price: ₹2137.40

📉 26W Low: ₹1753.00 | 21.93% above
📈 26W High: ₹2600.00 | 17.79% below

📉 52W Low: ₹1753.00 | 21.93% above
📈 52W High: ₹2695.00 | 20.69% below
--------------------------------------------------
2026-04-13 13:19:24,242 - INFO - 
Coal India Limited (COALINDIA.NS)
Price: ₹435.60

📉 26W Low: ₹364.48 | 19.51% above
📈 26W High: ₹476.00 | 8.49% below

📉 52W Low: ₹345.88 | 25.94% above
📈 52W High: ₹476.00 | 8.49% below
--------------------------------------------------
2026-04-13 13:19:26,927 - INFO - 
Bajaj Finserv Ltd. (BAJAJFINSV.NS)
Price: ₹1782.60

📉 26W Low: ₹1597.00 | 11.62% above
📈 26W High: ₹2195.00 | 18.79% below

📉 52W Low: ₹1597.00 | 11.62% above
📈 52W High: ₹2195.00 | 18.79% below
--------------------------------------------------
2026-04-13 13:19:29,638 - INFO - 
Cipla Limited (CIPLA.NS)
Price: ₹1211.60

📉 26W Low: ₹1165.70 | 3.94% above
📈 26W High: ₹1673.00 | 27.58% below

📉 52W Low: ₹1165.70 | 3.94% above
📈 52W High: ₹1673.00 | 27.58% below
--------------------------------------------------
2026-04-13 13:19:32,266 - INFO - 
SBI Cards and Payment Services Limited (SBICARD.NS)
Price: ₹669.95

📉 26W Low: ₹615.50 | 8.85% above
📈 26W High: ₹961.63 | 30.33% below

📉 52W Low: ₹615.50 | 8.85% above
📈 52W High: ₹1023.66 | 34.55% below
--------------------------------------------------
2026-04-13 13:19:34,980 - INFO - 
Larsen & Toubro Limited (LT.NS)
Price: ₹3951.40

📉 26W Low: ₹3288.10 | 20.17% above
📈 26W High: ₹4440.00 | 11.00% below

📉 52W Low: ₹3133.18 | 26.11% above
📈 52W High: ₹4440.00 | 11.00% below
--------------------------------------------------
2026-04-13 13:19:37,793 - INFO - 
NTPC Limited (NTPC.NS)
Price: ₹387.65

📉 26W Low: ₹313.19 | 23.78% above
📈 26W High: ₹394.50 | 1.74% below

📉 52W Low: ₹313.09 | 23.82% above
📈 52W High: ₹394.50 | 1.74% below
--------------------------------------------------
2026-04-13 13:19:40,616 - INFO - 
Hindustan Unilever Limited (HINDUNILVR.NS)
Price: ₹2124.10

📉 26W Low: ₹2022.50 | 5.02% above
📈 26W High: ₹2646.40 | 19.74% below

📉 52W Low: ₹2022.50 | 5.02% above
📈 52W High: ₹2728.55 | 22.15% below
--------------------------------------------------
2026-04-13 13:19:43,490 - INFO - 
Asian Paints Limited (ASIANPAINT.NS)
Price: ₹2356.40

📉 26W Low: ₹2115.00 | 11.41% above
📈 26W High: ₹2985.70 | 21.08% below

📉 52W Low: ₹2115.00 | 11.41% above
📈 52W High: ₹2985.70 | 21.08% below
--------------------------------------------------
2026-04-13 13:19:46,169 - INFO - 
ITC Limited (ITC.NS)
Price: ₹299.25

📉 26W Low: ₹287.00 | 4.27% above
📈 26W High: ₹417.65 | 28.35% below

📉 52W Low: ₹287.00 | 4.27% above
📈 52W High: ₹427.21 | 29.95% below
--------------------------------------------------
2026-04-13 13:19:48,970 - INFO - 
ICICI Bank Limited (ICICIBANK.NS)
Price: ₹1336.20

📉 26W Low: ₹1187.60 | 12.51% above
📈 26W High: ₹1445.00 | 7.53% below

📉 52W Low: ₹1187.60 | 12.51% above
📈 52W High: ₹1488.51 | 10.23% below
--------------------------------------------------
2026-04-13 13:19:51,778 - INFO - 
HDFC Bank Limited (HDFCBANK.NS)
Price: ₹793.40

📉 26W Low: ₹726.65 | 9.19% above
📈 26W High: ₹1020.50 | 22.25% below

📉 52W Low: ₹726.65 | 9.19% above
📈 52W High: ₹1020.50 | 22.25% below
--------------------------------------------------
2026-04-13 13:19:54,461 - INFO - 
Axis Bank Limited (AXISBANK.NS)
Price: ₹1354.40

📉 26W Low: ₹1150.30 | 17.74% above
📈 26W High: ₹1418.30 | 4.51% below

📉 52W Low: ₹1042.50 | 29.92% above
📈 52W High: ₹1418.30 | 4.51% below
--------------------------------------------------
2026-04-13 13:19:57,296 - INFO - 
Mahindra & Mahindra Limited (M&M.NS)
Price: ₹3236.20

📉 26W Low: ₹2896.00 | 11.75% above
📈 26W High: ₹3839.90 | 15.72% below

📉 52W Low: ₹2581.66 | 25.35% above
📈 52W High: ₹3839.90 | 15.72% below
--------------------------------------------------
2026-04-13 13:20:00,084 - INFO - 
Power Grid Corporation of India Limited (POWERGRID.NS)
Price: ₹301.45

📉 26W Low: ₹247.22 | 21.93% above
📈 26W High: ₹311.70 | 3.29% below

📉 52W Low: ₹247.22 | 21.93% above
📈 52W High: ₹311.81 | 3.32% below
--------------------------------------------------
2026-04-13 13:20:02,888 - INFO - 
Tata Steel Limited (TATASTEEL.NS)
Price: ₹205.67

📉 26W Low: ₹160.06 | 28.50% above
📈 26W High: ₹216.45 | 4.98% below

📉 52W Low: ₹130.65 | 57.42% above
📈 52W High: ₹216.45 | 4.98% below
--------------------------------------------------
2026-04-13 13:20:05,556 - INFO - 
Adani Ports and Special Economic Zone Limited (ADANIPORTS.NS)
Price: ₹1474.70

📉 26W Low: ₹1292.00 | 14.14% above
📈 26W High: ₹1584.00 | 6.90% below

📉 52W Low: ₹1173.29 | 25.69% above
📈 52W High: ₹1584.00 | 6.90% below
--------------------------------------------------
2026-04-13 13:20:08,535 - INFO - 
Reliance Industries Limited (RELIANCE.NS)
Price: ₹1313.70

📉 26W Low: ₹1290.00 | 1.84% above
📈 26W High: ₹1611.80 | 18.49% below

📉 52W Low: ₹1222.72 | 7.44% above
📈 52W High: ₹1611.80 | 18.49% below
--------------------------------------------------
2026-04-13 13:20:10,547 - INFO - 
Next check in 300 seconds...
2026-04-13 13:25:10,550 - INFO - 
============================================================
2026-04-13 13:25:10,550 - INFO - Checking at 2026-04-13 13:25:10
2026-04-13 13:25:10,550 - INFO - ============================================================
2026-04-13 13:25:12,530 - INFO - 
JSW Steel Limited (JSWSTEEL.NS)
Price: ₹1207.40

📉 26W Low: ₹1073.20 | 12.50% above
📈 26W High: ₹1284.70 | 6.02% below

📉 52W Low: ₹932.49 | 29.48% above
📈 52W High: ₹1284.70 | 6.02% below
--------------------------------------------------
2026-04-13 13:25:16,012 - INFO - 
Grasim Industries Limited (GRASIM.NS)
Price: ₹2725.00

📉 26W Low: ₹2502.50 | 8.89% above
📈 26W High: ₹2979.00 | 8.53% below

📉 52W Low: ₹2501.90 | 8.92% above
📈 52W High: ₹2979.00 | 8.53% below
--------------------------------------------------
2026-04-13 13:25:19,722 - INFO - 
Infosys Limited (INFY.NS)
Price: ₹1272.30

📉 26W Low: ₹1215.10 | 4.71% above
📈 26W High: ₹1728.00 | 26.37% below

📉 52W Low: ₹1215.10 | 4.71% above
📈 52W High: ₹1728.00 | 26.37% below
--------------------------------------------------
2026-04-13 13:25:23,268 - INFO - 
Wipro Limited (WIPRO.NS)
Price: ₹202.80

📉 26W Low: ₹186.50 | 8.74% above
📈 26W High: ₹266.23 | 23.82% below

📉 52W Low: ₹186.50 | 8.74% above
📈 52W High: ₹266.23 | 23.82% below
--------------------------------------------------
2026-04-13 13:25:26,785 - INFO - 
Kotak Mahindra Bank Limited (KOTAKBANK.NS)
Price: ₹370.60

📉 26W Low: ₹345.50 | 7.26% above
📈 26W High: ₹453.20 | 18.23% below

📉 52W Low: ₹345.50 | 7.26% above
📈 52W High: ₹459.85 | 19.41% below
--------------------------------------------------
2026-04-13 13:25:30,668 - INFO - 
Bharti Airtel Limited (BHARTIARTL.NS)
Price: ₹1879.20

📉 26W Low: ₹1746.90 | 7.57% above
📈 26W High: ₹2174.50 | 13.58% below

📉 52W Low: ₹1746.90 | 7.57% above
📈 52W High: ₹2174.50 | 13.58% below
--------------------------------------------------
2026-04-13 13:25:34,094 - INFO - 
HCL Technologies Limited (HCLTECH.NS)
Price: ₹1425.90

📉 26W Low: ₹1297.70 | 9.88% above
📈 26W High: ₹1780.10 | 19.90% below

📉 52W Low: ₹1297.70 | 9.88% above
📈 52W High: ₹1780.10 | 19.90% below
--------------------------------------------------
2026-04-13 13:25:37,605 - INFO - 
Sun Pharmaceutical Industries Limited (SUNPHARMA.NS)
Price: ₹1658.70

📉 26W Low: ₹1573.48 | 5.42% above
📈 26W High: ₹1843.00 | 10.00% below

📉 52W Low: ₹1538.01 | 7.85% above
📈 52W High: ₹1843.00 | 10.00% below
--------------------------------------------------
2026-04-13 13:25:39,961 - ERROR - $LTIM.NS: possibly delisted; no price data found  (period=1d)
2026-04-13 13:25:43,463 - INFO - 
Hero MotoCorp Limited (HEROMOTOCO.NS)
Price: ₹5224.50

📉 26W Low: ₹4904.00 | 6.54% above
📈 26W High: ₹6266.36 | 16.63% below

📉 52W Low: ₹3540.70 | 47.56% above
📈 52W High: ₹6266.36 | 16.63% below
--------------------------------------------------
2026-04-13 13:25:47,678 - INFO - 
State Bank of India (SBIN.NS)
Price: ₹1055.95

📉 26W Low: ₹872.10 | 21.08% above
📈 26W High: ₹1234.70 | 14.48% below

📉 52W Low: ₹740.63 | 42.57% above
📈 52W High: ₹1234.70 | 14.48% below
--------------------------------------------------
2026-04-13 13:25:51,241 - INFO - 
Apollo Hospitals Enterprise Limited (APOLLOHOSP.NS)
Price: ₹7529.00

📉 26W Low: ₹6687.62 | 12.58% above
📈 26W High: ₹8088.76 | 6.92% below

📉 52W Low: ₹6660.12 | 13.05% above
📈 52W High: ₹8088.76 | 6.92% below
--------------------------------------------------
2026-04-13 13:25:54,648 - INFO - 
Titan Company Limited (TITAN.NS)
Price: ₹4492.00

📉 26W Low: ₹3506.50 | 28.10% above
📈 26W High: ₹4523.90 | 0.71% below

📉 52W Low: ₹3201.57 | 40.31% above
📈 52W High: ₹4523.90 | 0.71% below
--------------------------------------------------
2026-04-13 13:25:58,047 - INFO - 
Bajaj Finance Limited (BAJFINANCE.NS)
Price: ₹901.20

📉 26W Low: ₹787.90 | 14.38% above
📈 26W High: ₹1102.50 | 18.26% below

📉 52W Low: ₹787.90 | 14.38% above
📈 52W High: ₹1102.50 | 18.26% below
--------------------------------------------------
2026-04-13 13:26:01,674 - INFO - 
Dr. Reddy's Laboratories Limited (DRREDDY.NS)
Price: ₹1229.10

📉 26W Low: ₹1148.40 | 7.03% above
📈 26W High: ₹1337.30 | 8.09% below

📉 52W Low: ₹1121.88 | 9.56% above
📈 52W High: ₹1371.00 | 10.35% below
--------------------------------------------------
2026-04-13 13:26:05,420 - INFO - 
Nestlé India Limited (NESTLEIND.NS)
Price: ₹1227.50

📉 26W Low: ₹1159.40 | 5.87% above
📈 26W High: ₹1334.80 | 8.04% below

📉 52W Low: ₹1078.87 | 13.78% above
📈 52W High: ₹1334.80 | 8.04% below
--------------------------------------------------
2026-04-13 13:26:09,006 - INFO - 
SBI Life Insurance Company Limited (SBILIFE.NS)
Price: ₹1930.80

📉 26W Low: ₹1728.10 | 11.73% above
📈 26W High: ₹2129.04 | 9.31% below

📉 52W Low: ₹1522.88 | 26.79% above
📈 52W High: ₹2129.04 | 9.31% below
--------------------------------------------------
2026-04-13 13:26:12,506 - INFO - 
Tata Consultancy Services Limited (TCS.NS)
Price: ₹2477.30

📉 26W Low: ₹2346.20 | 5.59% above
📈 26W High: ₹3350.00 | 26.05% below

📉 52W Low: ₹2346.20 | 5.59% above
📈 52W High: ₹3509.22 | 29.41% below
--------------------------------------------------
2026-04-13 13:26:15,999 - INFO - 
Divi's Laboratories Limited (DIVISLAB.NS)
Price: ₹6079.50

📉 26W Low: ₹5647.50 | 7.65% above
📈 26W High: ₹6904.50 | 11.95% below

📉 52W Low: ₹5570.63 | 9.13% above
📈 52W High: ₹7039.45 | 13.64% below
--------------------------------------------------
2026-04-13 13:26:19,400 - INFO - 
UltraTech Cement Limited (ULTRACEMCO.NS)
Price: ₹11504.00

📉 26W Low: ₹10325.00 | 11.42% above
📈 26W High: ₹13110.00 | 12.25% below

📉 52W Low: ₹10325.00 | 11.42% above
📈 52W High: ₹13110.00 | 12.25% below
--------------------------------------------------
2026-04-13 13:26:22,249 - ERROR - $TATAMOTORS.NS: possibly delisted; no price data found  (period=1d) (Yahoo error = "No data found, symbol may be delisted")
2026-04-13 13:26:26,094 - INFO - 
Hindalco Industries Limited (HINDALCO.NS)
Price: ₹977.45

📉 26W Low: ₹754.45 | 29.56% above
📈 26W High: ₹1029.80 | 5.08% below

📉 52W Low: ₹597.62 | 63.56% above
📈 52W High: ₹1029.80 | 5.08% below
--------------------------------------------------
2026-04-13 13:26:29,807 - INFO - 
UPL Limited (UPL.NS)
Price: ₹640.70

📉 26W Low: ₹565.15 | 13.37% above
📈 26W High: ₹812.20 | 21.12% below

📉 52W Low: ₹565.15 | 13.37% above
📈 52W High: ₹812.20 | 21.12% below
--------------------------------------------------
2026-04-13 13:26:33,317 - INFO - 
Bajaj Auto Limited (BAJAJ-AUTO.NS)
Price: ₹9797.50

📉 26W Low: ₹8605.00 | 13.86% above
📈 26W High: ₹10187.00 | 3.82% below

📉 52W Low: ₹7423.85 | 31.97% above
📈 52W High: ₹10187.00 | 3.82% below
--------------------------------------------------
2026-04-13 13:26:36,692 - INFO - 
IndusInd Bank Limited (INDUSINDBK.NS)
Price: ₹816.25

📉 26W Low: ₹726.30 | 12.38% above
📈 26W High: ₹968.85 | 15.75% below

📉 52W Low: ₹693.05 | 17.78% above
📈 52W High: ₹968.85 | 15.75% below
--------------------------------------------------
2026-04-13 13:26:40,210 - INFO - 
Eicher Motors Limited (EICHERMOT.NS)
Price: ₹7090.00

📉 26W Low: ₹6442.00 | 10.06% above
📈 26W High: ₹8230.00 | 13.85% below

📉 52W Low: ₹5152.69 | 37.60% above
📈 52W High: ₹8230.00 | 13.85% below
--------------------------------------------------
2026-04-13 13:26:43,753 - INFO - 
Britannia Industries Limited (BRITANNIA.NS)
Price: ₹5591.00

📉 26W Low: ₹5351.50 | 4.48% above
📈 26W High: ₹6271.00 | 10.84% below

📉 52W Low: ₹5208.25 | 7.35% above
📈 52W High: ₹6336.00 | 11.76% below
--------------------------------------------------
2026-04-13 13:26:47,956 - INFO - 
Bharat Petroleum Corporation Limited (BPCL.NS)
Price: ₹291.85

📉 26W Low: ₹266.60 | 9.47% above
📈 26W High: ₹391.65 | 25.48% below

📉 52W Low: ₹266.60 | 9.47% above
📈 52W High: ₹391.65 | 25.48% below
--------------------------------------------------
2026-04-13 13:26:51,795 - INFO - 
Oil and Natural Gas Corporation Limited (ONGC.NS)
Price: ₹285.75

📉 26W Low: ₹223.35 | 27.94% above
📈 26W High: ₹293.00 | 2.47% below

📉 52W Low: ₹216.72 | 31.85% above
📈 52W High: ₹293.00 | 2.47% below
--------------------------------------------------
2026-04-13 13:26:55,630 - INFO - 
Shriram Finance Limited (SHRIRAMFIN.NS)
Price: ₹1008.20

📉 26W Low: ₹654.76 | 53.98% above
📈 26W High: ₹1108.00 | 9.01% below

📉 52W Low: ₹563.07 | 79.05% above
📈 52W High: ₹1108.00 | 9.01% below
--------------------------------------------------
2026-04-13 13:26:59,150 - INFO - 
HDFC Life Insurance Company Limited (HDFCLIFE.NS)
Price: ₹621.35

📉 26W Low: ₹555.10 | 11.93% above
📈 26W High: ₹788.50 | 21.20% below

📉 52W Low: ₹555.10 | 11.93% above
📈 52W High: ₹820.75 | 24.29% below
--------------------------------------------------
2026-04-13 13:27:02,552 - INFO - 
Maruti Suzuki India Limited (MARUTI.NS)
Price: ₹13010.00

📉 26W Low: ₹12201.00 | 6.63% above
📈 26W High: ₹17370.00 | 25.10% below

📉 52W Low: ₹11168.12 | 16.49% above
📈 52W High: ₹17370.00 | 25.10% below
--------------------------------------------------
2026-04-13 13:27:05,960 - INFO - 
Tech Mahindra Limited (TECHM.NS)
Price: ₹1434.40

📉 26W Low: ₹1304.10 | 9.99% above
📈 26W High: ₹1854.00 | 22.63% below

📉 52W Low: ₹1240.02 | 15.68% above
📈 52W High: ₹1854.00 | 22.63% below
--------------------------------------------------
2026-04-13 13:27:09,710 - INFO - 
Adani Enterprises Limited (ADANIENT.NS)
Price: ₹2135.60

📉 26W Low: ₹1753.00 | 21.83% above
📈 26W High: ₹2600.00 | 17.86% below

📉 52W Low: ₹1753.00 | 21.83% above
📈 52W High: ₹2695.00 | 20.76% below
--------------------------------------------------
2026-04-13 13:27:14,074 - INFO - 
Coal India Limited (COALINDIA.NS)
Price: ₹435.70

📉 26W Low: ₹364.48 | 19.54% above
📈 26W High: ₹476.00 | 8.47% below

📉 52W Low: ₹345.88 | 25.97% above
📈 52W High: ₹476.00 | 8.47% below
--------------------------------------------------
2026-04-13 13:27:17,474 - INFO - 
Bajaj Finserv Ltd. (BAJAJFINSV.NS)
Price: ₹1783.00

📉 26W Low: ₹1597.00 | 11.65% above
📈 26W High: ₹2195.00 | 18.77% below

📉 52W Low: ₹1597.00 | 11.65% above
📈 52W High: ₹2195.00 | 18.77% below
--------------------------------------------------
2026-04-13 13:27:21,433 - INFO - 
Cipla Limited (CIPLA.NS)
Price: ₹1210.90

📉 26W Low: ₹1165.70 | 3.88% above
📈 26W High: ₹1673.00 | 27.62% below

📉 52W Low: ₹1165.70 | 3.88% above
📈 52W High: ₹1673.00 | 27.62% below
--------------------------------------------------
2026-04-13 13:27:25,380 - INFO - 
SBI Cards and Payment Services Limited (SBICARD.NS)
Price: ₹670.00

📉 26W Low: ₹615.50 | 8.85% above
📈 26W High: ₹961.63 | 30.33% below

📉 52W Low: ₹615.50 | 8.85% above
📈 52W High: ₹1023.66 | 34.55% below
--------------------------------------------------
2026-04-13 13:27:28,898 - INFO - 
Larsen & Toubro Limited (LT.NS)
Price: ₹3962.90

📉 26W Low: ₹3288.10 | 20.52% above
📈 26W High: ₹4440.00 | 10.75% below

📉 52W Low: ₹3133.18 | 26.48% above
📈 52W High: ₹4440.00 | 10.75% below
--------------------------------------------------
2026-04-13 13:27:32,522 - INFO - 
NTPC Limited (NTPC.NS)
Price: ₹387.55

📉 26W Low: ₹313.19 | 23.74% above
📈 26W High: ₹394.50 | 1.76% below

📉 52W Low: ₹313.09 | 23.78% above
📈 52W High: ₹394.50 | 1.76% below
--------------------------------------------------
2026-04-13 13:27:36,034 - INFO - 
Hindustan Unilever Limited (HINDUNILVR.NS)
Price: ₹2122.70

📉 26W Low: ₹2022.50 | 4.95% above
📈 26W High: ₹2646.40 | 19.79% below

📉 52W Low: ₹2022.50 | 4.95% above
📈 52W High: ₹2728.55 | 22.20% below
--------------------------------------------------
2026-04-13 13:27:39,564 - INFO - 
Asian Paints Limited (ASIANPAINT.NS)
Price: ₹2355.50

📉 26W Low: ₹2115.00 | 11.37% above
📈 26W High: ₹2985.70 | 21.11% below

📉 52W Low: ₹2115.00 | 11.37% above
📈 52W High: ₹2985.70 | 21.11% below
--------------------------------------------------
2026-04-13 13:27:43,111 - INFO - 
ITC Limited (ITC.NS)
Price: ₹299.15

📉 26W Low: ₹287.00 | 4.23% above
📈 26W High: ₹417.65 | 28.37% below

📉 52W Low: ₹287.00 | 4.23% above
📈 52W High: ₹427.21 | 29.98% below
--------------------------------------------------
2026-04-13 13:27:47,328 - INFO - 
ICICI Bank Limited (ICICIBANK.NS)
Price: ₹1336.40

📉 26W Low: ₹1187.60 | 12.53% above
📈 26W High: ₹1445.00 | 7.52% below

📉 52W Low: ₹1187.60 | 12.53% above
📈 52W High: ₹1488.51 | 10.22% below
--------------------------------------------------
2026-04-13 13:27:51,188 - INFO - 
HDFC Bank Limited (HDFCBANK.NS)
Price: ₹792.80

📉 26W Low: ₹726.65 | 9.10% above
📈 26W High: ₹1020.50 | 22.31% below

📉 52W Low: ₹726.65 | 9.10% above
📈 52W High: ₹1020.50 | 22.31% below
--------------------------------------------------
2026-04-13 13:27:55,024 - INFO - 
Axis Bank Limited (AXISBANK.NS)
Price: ₹1354.60

📉 26W Low: ₹1150.30 | 17.76% above
📈 26W High: ₹1418.30 | 4.49% below

📉 52W Low: ₹1042.50 | 29.94% above
📈 52W High: ₹1418.30 | 4.49% below
--------------------------------------------------
2026-04-13 13:27:59,011 - INFO - 
Mahindra & Mahindra Limited (M&M.NS)
Price: ₹3233.90

📉 26W Low: ₹2896.00 | 11.67% above
📈 26W High: ₹3839.90 | 15.78% below

📉 52W Low: ₹2581.66 | 25.26% above
📈 52W High: ₹3839.90 | 15.78% below
--------------------------------------------------
2026-04-13 13:28:02,426 - INFO - 
Power Grid Corporation of India Limited (POWERGRID.NS)
Price: ₹301.45

📉 26W Low: ₹247.22 | 21.93% above
📈 26W High: ₹311.70 | 3.29% below

📉 52W Low: ₹247.22 | 21.93% above
📈 52W High: ₹311.81 | 3.32% below
--------------------------------------------------
2026-04-13 13:28:06,256 - INFO - 
Tata Steel Limited (TATASTEEL.NS)
Price: ₹205.67

📉 26W Low: ₹160.06 | 28.50% above
📈 26W High: ₹216.45 | 4.98% below

📉 52W Low: ₹130.65 | 57.42% above
📈 52W High: ₹216.45 | 4.98% below
--------------------------------------------------
2026-04-13 13:28:09,952 - INFO - 
Adani Ports and Special Economic Zone Limited (ADANIPORTS.NS)
Price: ₹1473.00

📉 26W Low: ₹1292.00 | 14.01% above
📈 26W High: ₹1584.00 | 7.01% below

📉 52W Low: ₹1173.29 | 25.54% above
📈 52W High: ₹1584.00 | 7.01% below
--------------------------------------------------
2026-04-13 13:28:13,373 - INFO - 
Reliance Industries Limited (RELIANCE.NS)
Price: ₹1313.70

📉 26W Low: ₹1290.00 | 1.84% above
📈 26W High: ₹1611.80 | 18.49% below

📉 52W Low: ₹1222.72 | 7.44% above
📈 52W High: ₹1611.80 | 18.49% below
--------------------------------------------------
2026-04-13 13:28:15,388 - INFO - 
Next check in 300 seconds...
2026-04-13 13:33:15,392 - INFO - 
============================================================
2026-04-13 13:33:15,393 - INFO - Checking at 2026-04-13 13:33:15
2026-04-13 13:33:15,394 - INFO - ============================================================
2026-04-13 13:33:16,395 - INFO - 
JSW Steel Limited (JSWSTEEL.NS)
Price: ₹1207.00

📉 26W Low: ₹1073.20 | 12.47% above
📈 26W High: ₹1284.70 | 6.05% below

📉 52W Low: ₹932.49 | 29.44% above
📈 52W High: ₹1284.70 | 6.05% below
--------------------------------------------------
2026-04-13 13:33:19,042 - INFO - 
Grasim Industries Limited (GRASIM.NS)
Price: ₹2725.50

📉 26W Low: ₹2502.50 | 8.91% above
📈 26W High: ₹2979.00 | 8.51% below

📉 52W Low: ₹2501.90 | 8.94% above
📈 52W High: ₹2979.00 | 8.51% below
--------------------------------------------------
2026-04-13 13:33:21,838 - INFO - 
Infosys Limited (INFY.NS)
Price: ₹1272.80

📉 26W Low: ₹1215.10 | 4.75% above
📈 26W High: ₹1728.00 | 26.34% below

📉 52W Low: ₹1215.10 | 4.75% above
📈 52W High: ₹1728.00 | 26.34% below
--------------------------------------------------
2026-04-13 13:33:24,563 - INFO - 
Wipro Limited (WIPRO.NS)
Price: ₹202.95

📉 26W Low: ₹186.50 | 8.82% above
📈 26W High: ₹266.23 | 23.77% below

📉 52W Low: ₹186.50 | 8.82% above
📈 52W High: ₹266.23 | 23.77% below
--------------------------------------------------
2026-04-13 13:33:27,297 - INFO - 
Kotak Mahindra Bank Limited (KOTAKBANK.NS)
Price: ₹370.50

📉 26W Low: ₹345.50 | 7.24% above
📈 26W High: ₹453.20 | 18.25% below

📉 52W Low: ₹345.50 | 7.24% above
📈 52W High: ₹459.85 | 19.43% below
--------------------------------------------------
2026-04-13 13:33:29,901 - INFO - 
Bharti Airtel Limited (BHARTIARTL.NS)
Price: ₹1881.90

📉 26W Low: ₹1746.90 | 7.73% above
📈 26W High: ₹2174.50 | 13.46% below

📉 52W Low: ₹1746.90 | 7.73% above
📈 52W High: ₹2174.50 | 13.46% below
--------------------------------------------------
2026-04-13 13:33:32,528 - INFO - 
HCL Technologies Limited (HCLTECH.NS)
Price: ₹1427.30

📉 26W Low: ₹1297.70 | 9.99% above
📈 26W High: ₹1780.10 | 19.82% below

📉 52W Low: ₹1297.70 | 9.99% above
📈 52W High: ₹1780.10 | 19.82% below
--------------------------------------------------
2026-04-13 13:33:35,310 - INFO - 
Sun Pharmaceutical Industries Limited (SUNPHARMA.NS)
Price: ₹1661.80

📉 26W Low: ₹1573.48 | 5.61% above
📈 26W High: ₹1843.00 | 9.83% below

📉 52W Low: ₹1538.01 | 8.05% above
📈 52W High: ₹1843.00 | 9.83% below
--------------------------------------------------
2026-04-13 13:33:37,411 - ERROR - $LTIM.NS: possibly delisted; no price data found  (period=1d)
2026-04-13 13:33:40,096 - INFO - 
Hero MotoCorp Limited (HEROMOTOCO.NS)
Price: ₹5208.50

📉 26W Low: ₹4904.00 | 6.21% above
📈 26W High: ₹6266.36 | 16.88% below

📉 52W Low: ₹3540.70 | 47.10% above
📈 52W High: ₹6266.36 | 16.88% below
--------------------------------------------------
2026-04-13 13:33:42,796 - INFO - 
State Bank of India (SBIN.NS)
Price: ₹1059.85

📉 26W Low: ₹872.10 | 21.53% above
📈 26W High: ₹1234.70 | 14.16% below

📉 52W Low: ₹740.63 | 43.10% above
📈 52W High: ₹1234.70 | 14.16% below
--------------------------------------------------
2026-04-13 13:33:45,494 - INFO - 
Apollo Hospitals Enterprise Limited (APOLLOHOSP.NS)
Price: ₹7525.50

📉 26W Low: ₹6687.62 | 12.53% above
📈 26W High: ₹8088.76 | 6.96% below

📉 52W Low: ₹6660.12 | 12.99% above
📈 52W High: ₹8088.76 | 6.96% below
--------------------------------------------------
2026-04-13 13:33:48,128 - INFO - 
Titan Company Limited (TITAN.NS)
Price: ₹4486.90

📉 26W Low: ₹3506.50 | 27.96% above
📈 26W High: ₹4523.90 | 0.82% below

📉 52W Low: ₹3201.57 | 40.15% above
📈 52W High: ₹4523.90 | 0.82% below
--------------------------------------------------
2026-04-13 13:33:50,816 - INFO - 
Bajaj Finance Limited (BAJFINANCE.NS)
Price: ₹901.40

📉 26W Low: ₹787.90 | 14.41% above
📈 26W High: ₹1102.50 | 18.24% below

📉 52W Low: ₹787.90 | 14.41% above
📈 52W High: ₹1102.50 | 18.24% below
--------------------------------------------------
2026-04-13 13:33:53,510 - INFO - 
Dr. Reddy's Laboratories Limited (DRREDDY.NS)
Price: ₹1232.90

📉 26W Low: ₹1148.40 | 7.36% above
📈 26W High: ₹1337.30 | 7.81% below

📉 52W Low: ₹1121.88 | 9.90% above
📈 52W High: ₹1371.00 | 10.07% below
--------------------------------------------------
2026-04-13 13:33:56,167 - INFO - 
Nestlé India Limited (NESTLEIND.NS)
Price: ₹1224.70

📉 26W Low: ₹1159.40 | 5.63% above
📈 26W High: ₹1334.80 | 8.25% below

📉 52W Low: ₹1078.87 | 13.52% above
📈 52W High: ₹1334.80 | 8.25% below
--------------------------------------------------
2026-04-13 13:33:58,834 - INFO - 
SBI Life Insurance Company Limited (SBILIFE.NS)
Price: ₹1931.10

📉 26W Low: ₹1728.10 | 11.75% above
📈 26W High: ₹2129.04 | 9.30% below

📉 52W Low: ₹1522.88 | 26.81% above
📈 52W High: ₹2129.04 | 9.30% below
--------------------------------------------------
2026-04-13 13:34:01,611 - INFO - 
Tata Consultancy Services Limited (TCS.NS)
Price: ₹2478.40

📉 26W Low: ₹2346.20 | 5.63% above
📈 26W High: ₹3350.00 | 26.02% below

📉 52W Low: ₹2346.20 | 5.63% above
📈 52W High: ₹3509.22 | 29.37% below
--------------------------------------------------
2026-04-13 13:34:04,240 - INFO - 
Divi's Laboratories Limited (DIVISLAB.NS)
Price: ₹6106.00

📉 26W Low: ₹5647.50 | 8.12% above
📈 26W High: ₹6904.50 | 11.56% below

📉 52W Low: ₹5570.63 | 9.61% above
📈 52W High: ₹7039.45 | 13.26% below
--------------------------------------------------
2026-04-13 13:34:06,848 - INFO - 
UltraTech Cement Limited (ULTRACEMCO.NS)
Price: ₹11500.00

📉 26W Low: ₹10325.00 | 11.38% above
📈 26W High: ₹13110.00 | 12.28% below

📉 52W Low: ₹10325.00 | 11.38% above
📈 52W High: ₹13110.00 | 12.28% below
--------------------------------------------------
2026-04-13 13:34:09,406 - ERROR - $TATAMOTORS.NS: possibly delisted; no price data found  (period=1d) (Yahoo error = "No data found, symbol may be delisted")
2026-04-13 13:34:12,153 - INFO - 
Hindalco Industries Limited (HINDALCO.NS)
Price: ₹978.25

📉 26W Low: ₹754.45 | 29.66% above
📈 26W High: ₹1029.80 | 5.01% below

📉 52W Low: ₹597.62 | 63.69% above
📈 52W High: ₹1029.80 | 5.01% below
--------------------------------------------------
2026-04-13 13:34:14,844 - INFO - 
UPL Limited (UPL.NS)
Price: ₹641.85

📉 26W Low: ₹565.15 | 13.57% above
📈 26W High: ₹812.20 | 20.97% below

📉 52W Low: ₹565.15 | 13.57% above
📈 52W High: ₹812.20 | 20.97% below
--------------------------------------------------
2026-04-13 13:34:17,472 - INFO - 
Bajaj Auto Limited (BAJAJ-AUTO.NS)
Price: ₹9797.50

📉 26W Low: ₹8605.00 | 13.86% above
📈 26W High: ₹10187.00 | 3.82% below

📉 52W Low: ₹7423.85 | 31.97% above
📈 52W High: ₹10187.00 | 3.82% below
--------------------------------------------------
2026-04-13 13:34:20,075 - INFO - 
IndusInd Bank Limited (INDUSINDBK.NS)
Price: ₹817.35

📉 26W Low: ₹726.30 | 12.54% above
📈 26W High: ₹968.85 | 15.64% below

📉 52W Low: ₹693.05 | 17.94% above
📈 52W High: ₹968.85 | 15.64% below
--------------------------------------------------
2026-04-13 13:34:22,866 - INFO - 
Eicher Motors Limited (EICHERMOT.NS)
Price: ₹7076.50

📉 26W Low: ₹6442.00 | 9.85% above
📈 26W High: ₹8230.00 | 14.02% below

📉 52W Low: ₹5152.69 | 37.34% above
📈 52W High: ₹8230.00 | 14.02% below
--------------------------------------------------
2026-04-13 13:34:25,559 - INFO - 
Britannia Industries Limited (BRITANNIA.NS)
Price: ₹5593.00

📉 26W Low: ₹5351.50 | 4.51% above
📈 26W High: ₹6271.00 | 10.81% below

📉 52W Low: ₹5208.25 | 7.39% above
📈 52W High: ₹6336.00 | 11.73% below
--------------------------------------------------
2026-04-13 13:34:28,375 - INFO - 
Bharat Petroleum Corporation Limited (BPCL.NS)
Price: ₹292.15

📉 26W Low: ₹266.60 | 9.58% above
📈 26W High: ₹391.65 | 25.41% below

📉 52W Low: ₹266.60 | 9.58% above
📈 52W High: ₹391.65 | 25.41% below
--------------------------------------------------
2026-04-13 13:34:31,033 - INFO - 
Oil and Natural Gas Corporation Limited (ONGC.NS)
Price: ₹286.35

📉 26W Low: ₹223.35 | 28.20% above
📈 26W High: ₹293.00 | 2.27% below

📉 52W Low: ₹216.72 | 32.13% above
📈 52W High: ₹293.00 | 2.27% below
--------------------------------------------------
2026-04-13 13:34:33,687 - INFO - 
Shriram Finance Limited (SHRIRAMFIN.NS)
Price: ₹1007.65

📉 26W Low: ₹654.76 | 53.90% above
📈 26W High: ₹1108.00 | 9.06% below

📉 52W Low: ₹563.07 | 78.96% above
📈 52W High: ₹1108.00 | 9.06% below
--------------------------------------------------
2026-04-13 13:34:36,251 - INFO - 
HDFC Life Insurance Company Limited (HDFCLIFE.NS)
Price: ₹621.40

📉 26W Low: ₹555.10 | 11.94% above
📈 26W High: ₹788.50 | 21.19% below

📉 52W Low: ₹555.10 | 11.94% above
📈 52W High: ₹820.75 | 24.29% below
--------------------------------------------------
2026-04-13 13:34:38,925 - INFO - 
Maruti Suzuki India Limited (MARUTI.NS)
Price: ₹13000.00

📉 26W Low: ₹12201.00 | 6.55% above
📈 26W High: ₹17370.00 | 25.16% below

📉 52W Low: ₹11168.12 | 16.40% above
📈 52W High: ₹17370.00 | 25.16% below
--------------------------------------------------
2026-04-13 13:34:41,597 - INFO - 
Tech Mahindra Limited (TECHM.NS)
Price: ₹1434.70

📉 26W Low: ₹1304.10 | 10.01% above
📈 26W High: ₹1854.00 | 22.62% below

📉 52W Low: ₹1240.02 | 15.70% above
📈 52W High: ₹1854.00 | 22.62% below
--------------------------------------------------
2026-04-13 13:34:44,194 - INFO - 
Adani Enterprises Limited (ADANIENT.NS)
Price: ₹2134.90

📉 26W Low: ₹1753.00 | 21.79% above
📈 26W High: ₹2600.00 | 17.89% below

📉 52W Low: ₹1753.00 | 21.79% above
📈 52W High: ₹2695.00 | 20.78% below
--------------------------------------------------
2026-04-13 13:34:46,776 - INFO - 
Coal India Limited (COALINDIA.NS)
Price: ₹435.55

📉 26W Low: ₹364.48 | 19.50% above
📈 26W High: ₹476.00 | 8.50% below

📉 52W Low: ₹345.88 | 25.92% above
📈 52W High: ₹476.00 | 8.50% below
--------------------------------------------------
2026-04-13 13:34:49,458 - INFO - 
Bajaj Finserv Ltd. (BAJAJFINSV.NS)
Price: ₹1784.70

📉 26W Low: ₹1597.00 | 11.75% above
📈 26W High: ₹2195.00 | 18.69% below

📉 52W Low: ₹1597.00 | 11.75% above
📈 52W High: ₹2195.00 | 18.69% below
--------------------------------------------------
2026-04-13 13:34:52,155 - INFO - 
Cipla Limited (CIPLA.NS)
Price: ₹1216.40

📉 26W Low: ₹1165.70 | 4.35% above
📈 26W High: ₹1673.00 | 27.29% below

📉 52W Low: ₹1165.70 | 4.35% above
📈 52W High: ₹1673.00 | 27.29% below
--------------------------------------------------
2026-04-13 13:34:54,820 - INFO - 
SBI Cards and Payment Services Limited (SBICARD.NS)
Price: ₹670.60

📉 26W Low: ₹615.50 | 8.95% above
📈 26W High: ₹961.63 | 30.26% below

📉 52W Low: ₹615.50 | 8.95% above
📈 52W High: ₹1023.66 | 34.49% below
--------------------------------------------------
2026-04-13 13:34:57,741 - INFO - 
Larsen & Toubro Limited (LT.NS)
Price: ₹3964.80

📉 26W Low: ₹3288.10 | 20.58% above
📈 26W High: ₹4440.00 | 10.70% below

📉 52W Low: ₹3133.18 | 26.54% above
📈 52W High: ₹4440.00 | 10.70% below
--------------------------------------------------
2026-04-13 13:35:00,571 - INFO - 
NTPC Limited (NTPC.NS)
Price: ₹387.35

📉 26W Low: ₹313.19 | 23.68% above
📈 26W High: ₹394.50 | 1.81% below

📉 52W Low: ₹313.09 | 23.72% above
📈 52W High: ₹394.50 | 1.81% below
--------------------------------------------------
2026-04-13 13:35:03,345 - INFO - 
Hindustan Unilever Limited (HINDUNILVR.NS)
Price: ₹2121.60

📉 26W Low: ₹2022.50 | 4.90% above
📈 26W High: ₹2646.40 | 19.83% below

📉 52W Low: ₹2022.50 | 4.90% above
📈 52W High: ₹2728.55 | 22.24% below
--------------------------------------------------
2026-04-13 13:35:06,021 - INFO - 
Asian Paints Limited (ASIANPAINT.NS)
Price: ₹2355.70

📉 26W Low: ₹2115.00 | 11.38% above
📈 26W High: ₹2985.70 | 21.10% below

📉 52W Low: ₹2115.00 | 11.38% above
📈 52W High: ₹2985.70 | 21.10% below
--------------------------------------------------
2026-04-13 13:35:08,838 - INFO - 
ITC Limited (ITC.NS)
Price: ₹299.00

📉 26W Low: ₹287.00 | 4.18% above
📈 26W High: ₹417.65 | 28.41% below

📉 52W Low: ₹287.00 | 4.18% above
📈 52W High: ₹427.21 | 30.01% below
--------------------------------------------------
2026-04-13 13:35:11,598 - INFO - 
ICICI Bank Limited (ICICIBANK.NS)
Price: ₹1340.10

📉 26W Low: ₹1187.60 | 12.84% above
📈 26W High: ₹1445.00 | 7.26% below

📉 52W Low: ₹1187.60 | 12.84% above
📈 52W High: ₹1488.51 | 9.97% below
--------------------------------------------------
2026-04-13 13:35:14,404 - INFO - 
HDFC Bank Limited (HDFCBANK.NS)
Price: ₹793.55

📉 26W Low: ₹726.65 | 9.21% above
📈 26W High: ₹1020.50 | 22.24% below

📉 52W Low: ₹726.65 | 9.21% above
📈 52W High: ₹1020.50 | 22.24% below
--------------------------------------------------
2026-04-13 13:35:17,049 - INFO - 
Axis Bank Limited (AXISBANK.NS)
Price: ₹1355.00

📉 26W Low: ₹1150.30 | 17.80% above
📈 26W High: ₹1418.30 | 4.46% below

📉 52W Low: ₹1042.50 | 29.98% above
📈 52W High: ₹1418.30 | 4.46% below
--------------------------------------------------
2026-04-13 13:35:19,675 - INFO - 
Mahindra & Mahindra Limited (M&M.NS)
Price: ₹3231.50

📉 26W Low: ₹2896.00 | 11.58% above
📈 26W High: ₹3839.90 | 15.84% below

📉 52W Low: ₹2581.66 | 25.17% above
📈 52W High: ₹3839.90 | 15.84% below
--------------------------------------------------
2026-04-13 13:35:22,285 - INFO - 
Power Grid Corporation of India Limited (POWERGRID.NS)
Price: ₹301.20

📉 26W Low: ₹247.22 | 21.83% above
📈 26W High: ₹311.70 | 3.37% below

📉 52W Low: ₹247.22 | 21.83% above
📈 52W High: ₹311.81 | 3.40% below
--------------------------------------------------
2026-04-13 13:35:25,081 - INFO - 
Tata Steel Limited (TATASTEEL.NS)
Price: ₹205.50

📉 26W Low: ₹160.06 | 28.39% above
📈 26W High: ₹216.45 | 5.06% below

📉 52W Low: ₹130.65 | 57.29% above
📈 52W High: ₹216.45 | 5.06% below
--------------------------------------------------
2026-04-13 13:35:27,812 - INFO - 
Adani Ports and Special Economic Zone Limited (ADANIPORTS.NS)
Price: ₹1473.00

📉 26W Low: ₹1292.00 | 14.01% above
📈 26W High: ₹1584.00 | 7.01% below

📉 52W Low: ₹1173.29 | 25.54% above
📈 52W High: ₹1584.00 | 7.01% below
--------------------------------------------------
2026-04-13 13:35:30,544 - INFO - 
Reliance Industries Limited (RELIANCE.NS)
Price: ₹1315.60

📉 26W Low: ₹1290.00 | 1.98% above
📈 26W High: ₹1611.80 | 18.38% below

📉 52W Low: ₹1222.72 | 7.60% above
📈 52W High: ₹1611.80 | 18.38% below
--------------------------------------------------
2026-04-13 13:35:32,545 - INFO - 
Next check in 300 seconds...
2026-04-13 13:40:32,557 - INFO - 
============================================================
2026-04-13 13:40:32,560 - INFO - Checking at 2026-04-13 13:40:32
2026-04-13 13:40:32,561 - INFO - ============================================================
2026-04-13 13:40:33,585 - INFO - 
JSW Steel Limited (JSWSTEEL.NS)
Price: ₹1206.20

📉 26W Low: ₹1073.20 | 12.39% above
📈 26W High: ₹1284.70 | 6.11% below

📉 52W Low: ₹932.49 | 29.35% above
📈 52W High: ₹1284.70 | 6.11% below
--------------------------------------------------
2026-04-13 13:40:36,299 - INFO - 
Grasim Industries Limited (GRASIM.NS)
Price: ₹2717.50

📉 26W Low: ₹2502.50 | 8.59% above
📈 26W High: ₹2979.00 | 8.78% below

📉 52W Low: ₹2501.90 | 8.62% above
📈 52W High: ₹2979.00 | 8.78% below
--------------------------------------------------
2026-04-13 13:40:39,006 - INFO - 
Infosys Limited (INFY.NS)
Price: ₹1272.60

📉 26W Low: ₹1215.10 | 4.73% above
📈 26W High: ₹1728.00 | 26.35% below

📉 52W Low: ₹1215.10 | 4.73% above
📈 52W High: ₹1728.00 | 26.35% below
--------------------------------------------------
2026-04-13 13:40:41,680 - INFO - 
Wipro Limited (WIPRO.NS)
Price: ₹202.86

📉 26W Low: ₹186.50 | 8.77% above
📈 26W High: ₹266.23 | 23.80% below

📉 52W Low: ₹186.50 | 8.77% above
📈 52W High: ₹266.23 | 23.80% below
--------------------------------------------------
2026-04-13 13:40:44,400 - INFO - 
Kotak Mahindra Bank Limited (KOTAKBANK.NS)
Price: ₹369.95

📉 26W Low: ₹345.50 | 7.08% above
📈 26W High: ₹453.20 | 18.37% below

📉 52W Low: ₹345.50 | 7.08% above
📈 52W High: ₹459.85 | 19.55% below
--------------------------------------------------
2026-04-13 13:40:47,034 - INFO - 
Bharti Airtel Limited (BHARTIARTL.NS)
Price: ₹1880.70

📉 26W Low: ₹1746.90 | 7.66% above
📈 26W High: ₹2174.50 | 13.51% below

📉 52W Low: ₹1746.90 | 7.66% above
📈 52W High: ₹2174.50 | 13.51% below
--------------------------------------------------
2026-04-13 13:40:49,769 - INFO - 
HCL Technologies Limited (HCLTECH.NS)
Price: ₹1426.20

📉 26W Low: ₹1297.70 | 9.90% above
📈 26W High: ₹1780.10 | 19.88% below

📉 52W Low: ₹1297.70 | 9.90% above
📈 52W High: ₹1780.10 | 19.88% below
--------------------------------------------------
2026-04-13 13:40:52,417 - INFO - 
Sun Pharmaceutical Industries Limited (SUNPHARMA.NS)
Price: ₹1662.40

📉 26W Low: ₹1573.48 | 5.65% above
📈 26W High: ₹1843.00 | 9.80% below

📉 52W Low: ₹1538.01 | 8.09% above
📈 52W High: ₹1843.00 | 9.80% below
--------------------------------------------------
2026-04-13 13:40:54,530 - ERROR - $LTIM.NS: possibly delisted; no price data found  (period=1d)
2026-04-13 13:40:57,278 - INFO - 
Hero MotoCorp Limited (HEROMOTOCO.NS)
Price: ₹5204.00

📉 26W Low: ₹4904.00 | 6.12% above
📈 26W High: ₹6266.36 | 16.95% below

📉 52W Low: ₹3540.70 | 46.98% above
📈 52W High: ₹6266.36 | 16.95% below
--------------------------------------------------
2026-04-13 13:40:59,967 - INFO - 
State Bank of India (SBIN.NS)
Price: ₹1061.00

📉 26W Low: ₹872.10 | 21.66% above
📈 26W High: ₹1234.70 | 14.07% below

📉 52W Low: ₹740.63 | 43.26% above
📈 52W High: ₹1234.70 | 14.07% below
--------------------------------------------------
2026-04-13 13:41:02,629 - INFO - 
Apollo Hospitals Enterprise Limited (APOLLOHOSP.NS)
Price: ₹7521.00

📉 26W Low: ₹6687.62 | 12.46% above
📈 26W High: ₹8088.76 | 7.02% below

📉 52W Low: ₹6660.12 | 12.93% above
📈 52W High: ₹8088.76 | 7.02% below
--------------------------------------------------
2026-04-13 13:41:05,295 - INFO - 
Titan Company Limited (TITAN.NS)
Price: ₹4481.00

📉 26W Low: ₹3506.50 | 27.79% above
📈 26W High: ₹4523.90 | 0.95% below

📉 52W Low: ₹3201.57 | 39.96% above
📈 52W High: ₹4523.90 | 0.95% below
--------------------------------------------------
2026-04-13 13:41:07,937 - INFO - 
Bajaj Finance Limited (BAJFINANCE.NS)
Price: ₹900.10

📉 26W Low: ₹787.90 | 14.24% above
📈 26W High: ₹1102.50 | 18.36% below

📉 52W Low: ₹787.90 | 14.24% above
📈 52W High: ₹1102.50 | 18.36% below
--------------------------------------------------
2026-04-13 13:41:10,648 - INFO - 
Dr. Reddy's Laboratories Limited (DRREDDY.NS)
Price: ₹1234.70

📉 26W Low: ₹1148.40 | 7.51% above
📈 26W High: ₹1337.30 | 7.67% below

📉 52W Low: ₹1121.88 | 10.06% above
📈 52W High: ₹1371.00 | 9.94% below
--------------------------------------------------
2026-04-13 13:41:13,352 - INFO - 
Nestlé India Limited (NESTLEIND.NS)
Price: ₹1225.90

📉 26W Low: ₹1159.40 | 5.74% above
📈 26W High: ₹1334.80 | 8.16% below

📉 52W Low: ₹1078.87 | 13.63% above
📈 52W High: ₹1334.80 | 8.16% below
--------------------------------------------------
2026-04-13 13:41:16,020 - INFO - 
SBI Life Insurance Company Limited (SBILIFE.NS)
Price: ₹1928.80

📉 26W Low: ₹1728.10 | 11.61% above
📈 26W High: ₹2129.04 | 9.41% below

📉 52W Low: ₹1522.88 | 26.65% above
📈 52W High: ₹2129.04 | 9.41% below
--------------------------------------------------
2026-04-13 13:41:18,676 - INFO - 
Tata Consultancy Services Limited (TCS.NS)
Price: ₹2476.30

📉 26W Low: ₹2346.20 | 5.55% above
📈 26W High: ₹3350.00 | 26.08% below

📉 52W Low: ₹2346.20 | 5.55% above
📈 52W High: ₹3509.22 | 29.43% below
--------------------------------------------------
2026-04-13 13:41:21,446 - INFO - 
Divi's Laboratories Limited (DIVISLAB.NS)
Price: ₹6115.00

📉 26W Low: ₹5647.50 | 8.28% above
📈 26W High: ₹6904.50 | 11.43% below

📉 52W Low: ₹5570.63 | 9.77% above
📈 52W High: ₹7039.45 | 13.13% below
--------------------------------------------------
2026-04-13 13:41:24,236 - INFO - 
UltraTech Cement Limited (ULTRACEMCO.NS)
Price: ₹11501.00

📉 26W Low: ₹10325.00 | 11.39% above
📈 26W High: ₹13110.00 | 12.27% below

📉 52W Low: ₹10325.00 | 11.39% above
📈 52W High: ₹13110.00 | 12.27% below
--------------------------------------------------
2026-04-13 13:41:26,744 - ERROR - $TATAMOTORS.NS: possibly delisted; no price data found  (period=1d) (Yahoo error = "No data found, symbol may be delisted")
2026-04-13 13:41:29,414 - INFO - 
Hindalco Industries Limited (HINDALCO.NS)
Price: ₹978.00

📉 26W Low: ₹754.45 | 29.63% above
📈 26W High: ₹1029.80 | 5.03% below

📉 52W Low: ₹597.62 | 63.65% above
📈 52W High: ₹1029.80 | 5.03% below
--------------------------------------------------
2026-04-13 13:41:32,170 - INFO - 
UPL Limited (UPL.NS)
Price: ₹641.65

📉 26W Low: ₹565.15 | 13.54% above
📈 26W High: ₹812.20 | 21.00% below

📉 52W Low: ₹565.15 | 13.54% above
📈 52W High: ₹812.20 | 21.00% below
--------------------------------------------------
2026-04-13 13:41:34,801 - INFO - 
Bajaj Auto Limited (BAJAJ-AUTO.NS)
Price: ₹9778.00

📉 26W Low: ₹8605.00 | 13.63% above
📈 26W High: ₹10187.00 | 4.01% below

📉 52W Low: ₹7423.85 | 31.71% above
📈 52W High: ₹10187.00 | 4.01% below
--------------------------------------------------
2026-04-13 13:41:37,425 - INFO - 
IndusInd Bank Limited (INDUSINDBK.NS)
Price: ₹818.10

📉 26W Low: ₹726.30 | 12.64% above
📈 26W High: ₹968.85 | 15.56% below

📉 52W Low: ₹693.05 | 18.04% above
📈 52W High: ₹968.85 | 15.56% below
--------------------------------------------------
2026-04-13 13:41:40,066 - INFO - 
Eicher Motors Limited (EICHERMOT.NS)
Price: ₹7063.50

📉 26W Low: ₹6442.00 | 9.65% above
📈 26W High: ₹8230.00 | 14.17% below

📉 52W Low: ₹5152.69 | 37.08% above
📈 52W High: ₹8230.00 | 14.17% below
--------------------------------------------------
2026-04-13 13:41:42,885 - INFO - 
Britannia Industries Limited (BRITANNIA.NS)
Price: ₹5599.00

📉 26W Low: ₹5351.50 | 4.62% above
📈 26W High: ₹6271.00 | 10.72% below

📉 52W Low: ₹5208.25 | 7.50% above
📈 52W High: ₹6336.00 | 11.63% below
--------------------------------------------------
2026-04-13 13:41:45,692 - INFO - 
Bharat Petroleum Corporation Limited (BPCL.NS)
Price: ₹292.05

📉 26W Low: ₹266.60 | 9.55% above
📈 26W High: ₹391.65 | 25.43% below

📉 52W Low: ₹266.60 | 9.55% above
📈 52W High: ₹391.65 | 25.43% below
--------------------------------------------------
2026-04-13 13:41:48,318 - INFO - 
Oil and Natural Gas Corporation Limited (ONGC.NS)
Price: ₹286.25

📉 26W Low: ₹223.35 | 28.16% above
📈 26W High: ₹293.00 | 2.30% below

📉 52W Low: ₹216.72 | 32.08% above
📈 52W High: ₹293.00 | 2.30% below
--------------------------------------------------
2026-04-13 13:41:50,960 - INFO - 
Shriram Finance Limited (SHRIRAMFIN.NS)
Price: ₹1008.15

📉 26W Low: ₹654.76 | 53.97% above
📈 26W High: ₹1108.00 | 9.01% below

📉 52W Low: ₹563.07 | 79.05% above
📈 52W High: ₹1108.00 | 9.01% below
--------------------------------------------------
2026-04-13 13:41:53,602 - INFO - 
HDFC Life Insurance Company Limited (HDFCLIFE.NS)
Price: ₹620.95

📉 26W Low: ₹555.10 | 11.86% above
📈 26W High: ₹788.50 | 21.25% below

📉 52W Low: ₹555.10 | 11.86% above
📈 52W High: ₹820.75 | 24.34% below
--------------------------------------------------
2026-04-13 13:41:56,230 - INFO - 
Maruti Suzuki India Limited (MARUTI.NS)
Price: ₹12999.00

📉 26W Low: ₹12201.00 | 6.54% above
📈 26W High: ₹17370.00 | 25.16% below

📉 52W Low: ₹11168.12 | 16.39% above
📈 52W High: ₹17370.00 | 25.16% below
--------------------------------------------------
2026-04-13 13:41:58,842 - INFO - 
Tech Mahindra Limited (TECHM.NS)
Price: ₹1434.50

📉 26W Low: ₹1304.10 | 10.00% above
📈 26W High: ₹1854.00 | 22.63% below

📉 52W Low: ₹1240.02 | 15.68% above
📈 52W High: ₹1854.00 | 22.63% below
--------------------------------------------------
2026-04-13 13:42:01,459 - INFO - 
Adani Enterprises Limited (ADANIENT.NS)
Price: ₹2140.50

📉 26W Low: ₹1753.00 | 22.10% above
📈 26W High: ₹2600.00 | 17.67% below

📉 52W Low: ₹1753.00 | 22.10% above
📈 52W High: ₹2695.00 | 20.58% below
--------------------------------------------------
2026-04-13 13:42:04,063 - INFO - 
Coal India Limited (COALINDIA.NS)
Price: ₹436.15

📉 26W Low: ₹364.48 | 19.67% above
📈 26W High: ₹476.00 | 8.37% below

📉 52W Low: ₹345.88 | 26.10% above
📈 52W High: ₹476.00 | 8.37% below
--------------------------------------------------
2026-04-13 13:42:06,736 - INFO - 
Bajaj Finserv Ltd. (BAJAJFINSV.NS)
Price: ₹1782.40

📉 26W Low: ₹1597.00 | 11.61% above
📈 26W High: ₹2195.00 | 18.80% below

📉 52W Low: ₹1597.00 | 11.61% above
📈 52W High: ₹2195.00 | 18.80% below
--------------------------------------------------
2026-04-13 13:42:09,419 - INFO - 
Cipla Limited (CIPLA.NS)
Price: ₹1217.90

📉 26W Low: ₹1165.70 | 4.48% above
📈 26W High: ₹1673.00 | 27.20% below

📉 52W Low: ₹1165.70 | 4.48% above
📈 52W High: ₹1673.00 | 27.20% below
--------------------------------------------------
2026-04-13 13:42:11,992 - INFO - 
SBI Cards and Payment Services Limited (SBICARD.NS)
Price: ₹671.00

📉 26W Low: ₹615.50 | 9.02% above
📈 26W High: ₹961.63 | 30.22% below

📉 52W Low: ₹615.50 | 9.02% above
📈 52W High: ₹1023.66 | 34.45% below
--------------------------------------------------
2026-04-13 13:42:14,608 - INFO - 
Larsen & Toubro Limited (LT.NS)
Price: ₹3961.00

📉 26W Low: ₹3288.10 | 20.46% above
📈 26W High: ₹4440.00 | 10.79% below

📉 52W Low: ₹3133.18 | 26.42% above
📈 52W High: ₹4440.00 | 10.79% below
--------------------------------------------------
2026-04-13 13:42:17,224 - INFO - 
NTPC Limited (NTPC.NS)
Price: ₹387.45

📉 26W Low: ₹313.19 | 23.71% above
📈 26W High: ₹394.50 | 1.79% below

📉 52W Low: ₹313.09 | 23.75% above
📈 52W High: ₹394.50 | 1.79% below
--------------------------------------------------
2026-04-13 13:42:20,129 - INFO - 
Hindustan Unilever Limited (HINDUNILVR.NS)
Price: ₹2121.00

📉 26W Low: ₹2022.50 | 4.87% above
📈 26W High: ₹2646.40 | 19.85% below

📉 52W Low: ₹2022.50 | 4.87% above
📈 52W High: ₹2728.55 | 22.27% below
--------------------------------------------------
2026-04-13 13:42:22,819 - INFO - 
Asian Paints Limited (ASIANPAINT.NS)
Price: ₹2354.80

📉 26W Low: ₹2115.00 | 11.34% above
📈 26W High: ₹2985.70 | 21.13% below

📉 52W Low: ₹2115.00 | 11.34% above
📈 52W High: ₹2985.70 | 21.13% below
--------------------------------------------------
2026-04-13 13:42:25,554 - INFO - 
ITC Limited (ITC.NS)
Price: ₹298.85

📉 26W Low: ₹287.00 | 4.13% above
📈 26W High: ₹417.65 | 28.44% below

📉 52W Low: ₹287.00 | 4.13% above
📈 52W High: ₹427.21 | 30.05% below
--------------------------------------------------
2026-04-13 13:42:28,245 - INFO - 
ICICI Bank Limited (ICICIBANK.NS)
Price: ₹1340.80

📉 26W Low: ₹1187.60 | 12.90% above
📈 26W High: ₹1445.00 | 7.21% below

📉 52W Low: ₹1187.60 | 12.90% above
📈 52W High: ₹1488.51 | 9.92% below
--------------------------------------------------
2026-04-13 13:42:31,016 - INFO - 
HDFC Bank Limited (HDFCBANK.NS)
Price: ₹793.40

📉 26W Low: ₹726.65 | 9.19% above
📈 26W High: ₹1020.50 | 22.25% below

📉 52W Low: ₹726.65 | 9.19% above
📈 52W High: ₹1020.50 | 22.25% below
--------------------------------------------------
2026-04-13 13:42:33,734 - INFO - 
Axis Bank Limited (AXISBANK.NS)
Price: ₹1354.20

📉 26W Low: ₹1150.30 | 17.73% above
📈 26W High: ₹1418.30 | 4.52% below

📉 52W Low: ₹1042.50 | 29.90% above
📈 52W High: ₹1418.30 | 4.52% below
--------------------------------------------------
2026-04-13 13:42:36,503 - INFO - 
Mahindra & Mahindra Limited (M&M.NS)
Price: ₹3227.60

📉 26W Low: ₹2896.00 | 11.45% above
📈 26W High: ₹3839.90 | 15.95% below

📉 52W Low: ₹2581.66 | 25.02% above
📈 52W High: ₹3839.90 | 15.95% below
--------------------------------------------------
2026-04-13 13:42:39,166 - INFO - 
Power Grid Corporation of India Limited (POWERGRID.NS)
Price: ₹300.90

📉 26W Low: ₹247.22 | 21.71% above
📈 26W High: ₹311.70 | 3.46% below

📉 52W Low: ₹247.22 | 21.71% above
📈 52W High: ₹311.81 | 3.50% below
--------------------------------------------------
2026-04-13 13:42:41,877 - INFO - 
Tata Steel Limited (TATASTEEL.NS)
Price: ₹205.58

📉 26W Low: ₹160.06 | 28.44% above
📈 26W High: ₹216.45 | 5.02% below

📉 52W Low: ₹130.65 | 57.35% above
📈 52W High: ₹216.45 | 5.02% below
--------------------------------------------------
2026-04-13 13:42:44,472 - INFO - 
Adani Ports and Special Economic Zone Limited (ADANIPORTS.NS)
Price: ₹1476.10

📉 26W Low: ₹1292.00 | 14.25% above
📈 26W High: ₹1584.00 | 6.81% below

📉 52W Low: ₹1173.29 | 25.81% above
📈 52W High: ₹1584.00 | 6.81% below
--------------------------------------------------
2026-04-13 13:42:47,134 - INFO - 
Reliance Industries Limited (RELIANCE.NS)
Price: ₹1316.10

📉 26W Low: ₹1290.00 | 2.02% above
📈 26W High: ₹1611.80 | 18.35% below

📉 52W Low: ₹1222.72 | 7.64% above
📈 52W High: ₹1611.80 | 18.35% below
--------------------------------------------------
2026-04-13 13:42:49,160 - INFO - 
Next check in 300 seconds...
2026-04-13 13:47:49,168 - INFO - 
============================================================
2026-04-13 13:47:49,168 - INFO - Checking at 2026-04-13 13:47:49
2026-04-13 13:47:49,168 - INFO - ============================================================
2026-04-13 13:47:52,470 - INFO - 
JSW Steel Limited (JSWSTEEL.NS)
Price: ₹1204.80

📉 26W Low: ₹1073.20 | 12.26% above
📈 26W High: ₹1284.70 | 6.22% below

📉 52W Low: ₹932.49 | 29.20% above
📈 52W High: ₹1284.70 | 6.22% below
--------------------------------------------------
2026-04-13 13:47:56,034 - INFO - 
Grasim Industries Limited (GRASIM.NS)
Price: ₹2714.00

📉 26W Low: ₹2502.50 | 8.45% above
📈 26W High: ₹2979.00 | 8.90% below

📉 52W Low: ₹2501.90 | 8.48% above
📈 52W High: ₹2979.00 | 8.90% below
--------------------------------------------------
2026-04-13 13:47:59,890 - INFO - 
Infosys Limited (INFY.NS)
Price: ₹1271.90

📉 26W Low: ₹1215.10 | 4.67% above
📈 26W High: ₹1728.00 | 26.39% below

📉 52W Low: ₹1215.10 | 4.67% above
📈 52W High: ₹1728.00 | 26.39% below
--------------------------------------------------
2026-04-13 13:48:04,401 - INFO - 
Wipro Limited (WIPRO.NS)
Price: ₹202.94

📉 26W Low: ₹186.50 | 8.82% above
📈 26W High: ₹266.23 | 23.77% below

📉 52W Low: ₹186.50 | 8.82% above
📈 52W High: ₹266.23 | 23.77% below
--------------------------------------------------
2026-04-13 13:48:09,372 - INFO - 
Kotak Mahindra Bank Limited (KOTAKBANK.NS)
Price: ₹369.40

📉 26W Low: ₹345.50 | 6.92% above
📈 26W High: ₹453.20 | 18.49% below

📉 52W Low: ₹345.50 | 6.92% above
📈 52W High: ₹459.85 | 19.67% below
--------------------------------------------------
2026-04-13 13:48:13,243 - INFO - 
Bharti Airtel Limited (BHARTIARTL.NS)
Price: ₹1881.30

📉 26W Low: ₹1746.90 | 7.69% above
📈 26W High: ₹2174.50 | 13.48% below

📉 52W Low: ₹1746.90 | 7.69% above
📈 52W High: ₹2174.50 | 13.48% below
--------------------------------------------------
2026-04-13 13:48:17,931 - INFO - 
HCL Technologies Limited (HCLTECH.NS)
Price: ₹1427.20

📉 26W Low: ₹1297.70 | 9.98% above
📈 26W High: ₹1780.10 | 19.82% below

📉 52W Low: ₹1297.70 | 9.98% above
📈 52W High: ₹1780.10 | 19.82% below
--------------------------------------------------
2026-04-13 13:48:21,545 - INFO - 
Sun Pharmaceutical Industries Limited (SUNPHARMA.NS)
Price: ₹1660.60

📉 26W Low: ₹1573.48 | 5.54% above
📈 26W High: ₹1843.00 | 9.90% below

📉 52W Low: ₹1538.01 | 7.97% above
📈 52W High: ₹1843.00 | 9.90% below
--------------------------------------------------
2026-04-13 13:48:23,845 - ERROR - $LTIM.NS: possibly delisted; no price data found  (period=1d)
2026-04-13 13:48:27,804 - INFO - 
Hero MotoCorp Limited (HEROMOTOCO.NS)
Price: ₹5206.50

📉 26W Low: ₹4904.00 | 6.17% above
📈 26W High: ₹6266.36 | 16.91% below

📉 52W Low: ₹3540.70 | 47.05% above
📈 52W High: ₹6266.36 | 16.91% below
--------------------------------------------------
2026-04-13 13:48:31,820 - INFO - 
State Bank of India (SBIN.NS)
Price: ₹1060.95

📉 26W Low: ₹872.10 | 21.65% above
📈 26W High: ₹1234.70 | 14.07% below

📉 52W Low: ₹740.63 | 43.25% above
📈 52W High: ₹1234.70 | 14.07% below
--------------------------------------------------
2026-04-13 13:48:35,918 - INFO - 
Apollo Hospitals Enterprise Limited (APOLLOHOSP.NS)
Price: ₹7520.00

📉 26W Low: ₹6687.62 | 12.45% above
📈 26W High: ₹8088.76 | 7.03% below

📉 52W Low: ₹6660.12 | 12.91% above
📈 52W High: ₹8088.76 | 7.03% below
--------------------------------------------------
2026-04-13 13:48:39,603 - INFO - 
Titan Company Limited (TITAN.NS)
Price: ₹4481.30

📉 26W Low: ₹3506.50 | 27.80% above
📈 26W High: ₹4523.90 | 0.94% below

📉 52W Low: ₹3201.57 | 39.97% above
📈 52W High: ₹4523.90 | 0.94% below
--------------------------------------------------
2026-04-13 13:48:43,568 - INFO - 
Bajaj Finance Limited (BAJFINANCE.NS)
Price: ₹899.45

📉 26W Low: ₹787.90 | 14.16% above
📈 26W High: ₹1102.50 | 18.42% below

📉 52W Low: ₹787.90 | 14.16% above
📈 52W High: ₹1102.50 | 18.42% below
--------------------------------------------------
2026-04-13 13:48:47,292 - INFO - 
Dr. Reddy's Laboratories Limited (DRREDDY.NS)
Price: ₹1234.00

📉 26W Low: ₹1148.40 | 7.45% above
📈 26W High: ₹1337.30 | 7.72% below

📉 52W Low: ₹1121.88 | 9.99% above
📈 52W High: ₹1371.00 | 9.99% below
--------------------------------------------------
2026-04-13 13:48:51,843 - INFO - 
Nestlé India Limited (NESTLEIND.NS)
Price: ₹1225.20

📉 26W Low: ₹1159.40 | 5.68% above
📈 26W High: ₹1334.80 | 8.21% below

📉 52W Low: ₹1078.87 | 13.56% above
📈 52W High: ₹1334.80 | 8.21% below
--------------------------------------------------
2026-04-13 13:48:55,352 - INFO - 
SBI Life Insurance Company Limited (SBILIFE.NS)
Price: ₹1929.70

📉 26W Low: ₹1728.10 | 11.67% above
📈 26W High: ₹2129.04 | 9.36% below

📉 52W Low: ₹1522.88 | 26.71% above
📈 52W High: ₹2129.04 | 9.36% below
--------------------------------------------------
2026-04-13 13:48:59,081 - INFO - 
Tata Consultancy Services Limited (TCS.NS)
Price: ₹2476.40

📉 26W Low: ₹2346.20 | 5.55% above
📈 26W High: ₹3350.00 | 26.08% below

📉 52W Low: ₹2346.20 | 5.55% above
📈 52W High: ₹3509.22 | 29.43% below
--------------------------------------------------
2026-04-13 13:49:02,703 - INFO - 
Divi's Laboratories Limited (DIVISLAB.NS)
Price: ₹6098.00

📉 26W Low: ₹5647.50 | 7.98% above
📈 26W High: ₹6904.50 | 11.68% below

📉 52W Low: ₹5570.63 | 9.47% above
📈 52W High: ₹7039.45 | 13.37% below
--------------------------------------------------
2026-04-13 13:49:06,662 - INFO - 
UltraTech Cement Limited (ULTRACEMCO.NS)
Price: ₹11500.00

📉 26W Low: ₹10325.00 | 11.38% above
📈 26W High: ₹13110.00 | 12.28% below

📉 52W Low: ₹10325.00 | 11.38% above
📈 52W High: ₹13110.00 | 12.28% below
--------------------------------------------------
2026-04-13 13:49:10,003 - ERROR - $TATAMOTORS.NS: possibly delisted; no price data found  (period=1d) (Yahoo error = "No data found, symbol may be delisted")
2026-04-13 13:49:13,712 - INFO - 
Hindalco Industries Limited (HINDALCO.NS)
Price: ₹976.35

📉 26W Low: ₹754.45 | 29.41% above
📈 26W High: ₹1029.80 | 5.19% below

📉 52W Low: ₹597.62 | 63.37% above
📈 52W High: ₹1029.80 | 5.19% below
--------------------------------------------------
2026-04-13 13:49:17,379 - INFO - 
UPL Limited (UPL.NS)
Price: ₹641.00

📉 26W Low: ₹565.15 | 13.42% above
📈 26W High: ₹812.20 | 21.08% below

📉 52W Low: ₹565.15 | 13.42% above
📈 52W High: ₹812.20 | 21.08% below
--------------------------------------------------
2026-04-13 13:49:20,941 - INFO - 
Bajaj Auto Limited (BAJAJ-AUTO.NS)
Price: ₹9778.00

📉 26W Low: ₹8605.00 | 13.63% above
📈 26W High: ₹10187.00 | 4.01% below

📉 52W Low: ₹7423.85 | 31.71% above
📈 52W High: ₹10187.00 | 4.01% below
--------------------------------------------------
2026-04-13 13:49:24,493 - INFO - 
IndusInd Bank Limited (INDUSINDBK.NS)
Price: ₹817.45

📉 26W Low: ₹726.30 | 12.55% above
📈 26W High: ₹968.85 | 15.63% below

📉 52W Low: ₹693.05 | 17.95% above
📈 52W High: ₹968.85 | 15.63% below
--------------------------------------------------
2026-04-13 13:49:28,405 - INFO - 
Eicher Motors Limited (EICHERMOT.NS)
Price: ₹7064.00

📉 26W Low: ₹6442.00 | 9.66% above
📈 26W High: ₹8230.00 | 14.17% below

📉 52W Low: ₹5152.69 | 37.09% above
📈 52W High: ₹8230.00 | 14.17% below
--------------------------------------------------
2026-04-13 13:49:32,078 - INFO - 
Britannia Industries Limited (BRITANNIA.NS)
Price: ₹5596.50

📉 26W Low: ₹5351.50 | 4.58% above
📈 26W High: ₹6271.00 | 10.76% below

📉 52W Low: ₹5208.25 | 7.45% above
📈 52W High: ₹6336.00 | 11.67% below
--------------------------------------------------
2026-04-13 13:49:35,883 - INFO - 
Bharat Petroleum Corporation Limited (BPCL.NS)
Price: ₹291.40

📉 26W Low: ₹266.60 | 9.30% above
📈 26W High: ₹391.65 | 25.60% below

📉 52W Low: ₹266.60 | 9.30% above
📈 52W High: ₹391.65 | 25.60% below
--------------------------------------------------
2026-04-13 13:49:39,561 - INFO - 
Oil and Natural Gas Corporation Limited (ONGC.NS)
Price: ₹285.80

📉 26W Low: ₹223.35 | 27.96% above
📈 26W High: ₹293.00 | 2.46% below

📉 52W Low: ₹216.72 | 31.88% above
📈 52W High: ₹293.00 | 2.46% below
--------------------------------------------------
2026-04-13 13:49:43,136 - INFO - 
Shriram Finance Limited (SHRIRAMFIN.NS)
Price: ₹1009.10

📉 26W Low: ₹654.76 | 54.12% above
📈 26W High: ₹1108.00 | 8.93% below

📉 52W Low: ₹563.07 | 79.21% above
📈 52W High: ₹1108.00 | 8.93% below
--------------------------------------------------
2026-04-13 13:49:46,633 - INFO - 
HDFC Life Insurance Company Limited (HDFCLIFE.NS)
Price: ₹620.60

📉 26W Low: ₹555.10 | 11.80% above
📈 26W High: ₹788.50 | 21.29% below

📉 52W Low: ₹555.10 | 11.80% above
📈 52W High: ₹820.75 | 24.39% below
--------------------------------------------------
2026-04-13 13:49:50,170 - INFO - 
Maruti Suzuki India Limited (MARUTI.NS)
Price: ₹13000.00

📉 26W Low: ₹12201.00 | 6.55% above
📈 26W High: ₹17370.00 | 25.16% below

📉 52W Low: ₹11168.12 | 16.40% above
📈 52W High: ₹17370.00 | 25.16% below
--------------------------------------------------
2026-04-13 13:49:53,834 - INFO - 
Tech Mahindra Limited (TECHM.NS)
Price: ₹1435.00

📉 26W Low: ₹1304.10 | 10.04% above
📈 26W High: ₹1854.00 | 22.60% below

📉 52W Low: ₹1240.02 | 15.72% above
📈 52W High: ₹1854.00 | 22.60% below
--------------------------------------------------
2026-04-13 13:49:58,103 - INFO - 
Adani Enterprises Limited (ADANIENT.NS)
Price: ₹2138.20

📉 26W Low: ₹1753.00 | 21.97% above
📈 26W High: ₹2600.00 | 17.76% below

📉 52W Low: ₹1753.00 | 21.97% above
📈 52W High: ₹2695.00 | 20.66% below
--------------------------------------------------
2026-04-13 13:50:02,118 - INFO - 
Coal India Limited (COALINDIA.NS)
Price: ₹435.20

📉 26W Low: ₹364.48 | 19.40% above
📈 26W High: ₹476.00 | 8.57% below

📉 52W Low: ₹345.88 | 25.82% above
📈 52W High: ₹476.00 | 8.57% below
--------------------------------------------------
2026-04-13 13:50:06,136 - INFO - 
Bajaj Finserv Ltd. (BAJAJFINSV.NS)
Price: ₹1780.90

📉 26W Low: ₹1597.00 | 11.52% above
📈 26W High: ₹2195.00 | 18.87% below

📉 52W Low: ₹1597.00 | 11.52% above
📈 52W High: ₹2195.00 | 18.87% below
--------------------------------------------------
2026-04-13 13:50:09,746 - INFO - 
Cipla Limited (CIPLA.NS)
Price: ₹1213.80

📉 26W Low: ₹1165.70 | 4.13% above
📈 26W High: ₹1673.00 | 27.45% below

📉 52W Low: ₹1165.70 | 4.13% above
📈 52W High: ₹1673.00 | 27.45% below
--------------------------------------------------
2026-04-13 13:50:13,551 - INFO - 
SBI Cards and Payment Services Limited (SBICARD.NS)
Price: ₹670.95

📉 26W Low: ₹615.50 | 9.01% above
📈 26W High: ₹961.63 | 30.23% below

📉 52W Low: ₹615.50 | 9.01% above
📈 52W High: ₹1023.66 | 34.46% below
--------------------------------------------------
2026-04-13 13:50:17,609 - INFO - 
Larsen & Toubro Limited (LT.NS)
Price: ₹3959.80

📉 26W Low: ₹3288.10 | 20.43% above
📈 26W High: ₹4440.00 | 10.82% below

📉 52W Low: ₹3133.18 | 26.38% above
📈 52W High: ₹4440.00 | 10.82% below
--------------------------------------------------
2026-04-13 13:50:21,128 - INFO - 
NTPC Limited (NTPC.NS)
Price: ₹387.00

📉 26W Low: ₹313.19 | 23.57% above
📈 26W High: ₹394.50 | 1.90% below

📉 52W Low: ₹313.09 | 23.61% above
📈 52W High: ₹394.50 | 1.90% below
--------------------------------------------------
2026-04-13 13:50:25,208 - INFO - 
Hindustan Unilever Limited (HINDUNILVR.NS)
Price: ₹2120.90

📉 26W Low: ₹2022.50 | 4.87% above
📈 26W High: ₹2646.40 | 19.86% below

📉 52W Low: ₹2022.50 | 4.87% above
📈 52W High: ₹2728.55 | 22.27% below
--------------------------------------------------
2026-04-13 13:50:28,938 - INFO - 
Asian Paints Limited (ASIANPAINT.NS)
Price: ₹2355.70

📉 26W Low: ₹2115.00 | 11.38% above
📈 26W High: ₹2985.70 | 21.10% below

📉 52W Low: ₹2115.00 | 11.38% above
📈 52W High: ₹2985.70 | 21.10% below
--------------------------------------------------
2026-04-13 13:50:32,594 - INFO - 
ITC Limited (ITC.NS)
Price: ₹298.75

📉 26W Low: ₹287.00 | 4.09% above
📈 26W High: ₹417.65 | 28.47% below

📉 52W Low: ₹287.00 | 4.09% above
📈 52W High: ₹427.21 | 30.07% below
--------------------------------------------------
2026-04-13 13:50:36,267 - INFO - 
ICICI Bank Limited (ICICIBANK.NS)
Price: ₹1344.60

📉 26W Low: ₹1187.60 | 13.22% above
📈 26W High: ₹1445.00 | 6.95% below

📉 52W Low: ₹1187.60 | 13.22% above
📈 52W High: ₹1488.51 | 9.67% below
--------------------------------------------------
2026-04-13 13:50:39,939 - INFO - 
HDFC Bank Limited (HDFCBANK.NS)
Price: ₹794.20

📉 26W Low: ₹726.65 | 9.30% above
📈 26W High: ₹1020.50 | 22.18% below

📉 52W Low: ₹726.65 | 9.30% above
📈 52W High: ₹1020.50 | 22.18% below
--------------------------------------------------
2026-04-13 13:50:43,752 - INFO - 
Axis Bank Limited (AXISBANK.NS)
Price: ₹1355.40

📉 26W Low: ₹1150.30 | 17.83% above
📈 26W High: ₹1418.30 | 4.43% below

📉 52W Low: ₹1042.50 | 30.01% above
📈 52W High: ₹1418.30 | 4.43% below
--------------------------------------------------
2026-04-13 13:50:47,652 - INFO - 
Mahindra & Mahindra Limited (M&M.NS)
Price: ₹3229.60

📉 26W Low: ₹2896.00 | 11.52% above
📈 26W High: ₹3839.90 | 15.89% below

📉 52W Low: ₹2581.66 | 25.10% above
📈 52W High: ₹3839.90 | 15.89% below
--------------------------------------------------
2026-04-13 13:50:51,325 - INFO - 
Power Grid Corporation of India Limited (POWERGRID.NS)
Price: ₹299.75

📉 26W Low: ₹247.22 | 21.25% above
📈 26W High: ₹311.70 | 3.83% below

📉 52W Low: ₹247.22 | 21.25% above
📈 52W High: ₹311.81 | 3.87% below
--------------------------------------------------
2026-04-13 13:50:54,852 - INFO - 
Tata Steel Limited (TATASTEEL.NS)
Price: ₹205.46

📉 26W Low: ₹160.06 | 28.36% above
📈 26W High: ₹216.45 | 5.08% below

📉 52W Low: ₹130.65 | 57.26% above
📈 52W High: ₹216.45 | 5.08% below
--------------------------------------------------
2026-04-13 13:50:56,569 - INFO - Stopped by user
